,ID,Fert_event,Triple 18,Urea,Sulfato de Amonio,Ecofertil fase 3,Cloruro de Potasio,YaraVera AMIDAS,NITRO XTENDÂ® 46 N,Patentkali,Fertilizantes menores,Nutrimon,DAP 18-46-0
1,DS4001,1,200,NA,NA,NA,NA,NA,NA,NA,NA,NA,NA
2,DS4001,2,200,NA,NA,NA,NA,NA,NA,NA,NA,NA,NA
3,DS4001,3,200,NA,NA,NA,NA,NA,NA,NA,NA,NA,NA
4,DS4001,4,200,NA,NA,NA,NA,NA,NA,NA,NA,NA,NA
5,DS4001,5,200,NA,NA,NA,NA,NA,NA,NA,NA,NA,NA
6,DS4001,6,NA,50,NA,NA,NA,NA,NA,NA,NA,NA,NA
7,DS4001,7,NA,50,NA,NA,NA,NA,NA,NA,NA,NA,NA
8,DS4003,1,150,NA,NA,NA,NA,NA,NA,NA,NA,NA,NA
9,DS4003,2,50,NA,100,NA,NA,NA,NA,NA,NA,NA,NA
10,DS4003,3,NA,NA,NA,150,NA,NA,NA,NA,NA,NA,NA
11,DS4003,4,NA,NA,NA,NA,50,100,NA,NA,NA,NA,NA
12,DS4004,1,200,NA,125,NA,NA,NA,NA,NA,NA,NA,NA
13,DS4004,2,NA,200,200,NA,NA,NA,NA,NA,NA,NA,NA
14,DS4004,3,NA,NA,100,NA,100,NA,NA,NA,NA,NA,NA
15,DS4004,4,NA,150,NA,NA,NA,NA,NA,NA,NA,NA,NA
16,DS4005,1,50,NA,50,NA,NA,NA,100,NA,NA,NA,NA
17,DS4005,2,50,NA,NA,NA,50,NA,50,NA,NA,NA,NA
18,DS4005,3,NA,NA,NA,200,NA,NA,NA,NA,NA,NA,NA
19,DS4005,4,NA,NA,100,NA,100,NA,NA,NA,NA,NA,NA
20,DS4006,1,200,NA,NA,NA,NA,NA,NA,NA,NA,NA,NA
21,DS4006,2,NA,NA,120,NA,NA,NA,20,NA,NA,NA,NA
22,DS4006,3,NA,NA,20,NA,NA,NA,NA,10,NA,NA,NA
23,DS4009,1,NA,150,NA,NA,NA,NA,NA,NA,100,NA,NA
24,DS4009,2,NA,150,50,NA,NA,NA,NA,NA,NA,NA,NA
25,DS4009,3,NA,NA,150,NA,200,NA,NA,NA,NA,NA,NA
26,DS4009,4,NA,NA,50,NA,100,NA,NA,NA,100,NA,NA
27,DS4009,5,NA,NA,50,NA,NA,NA,NA,NA,100,NA,NA
28,DS4010,1,200,NA,NA,NA,NA,NA,NA,NA,NA,NA,NA
29,DS4010,2,200,NA,NA,NA,NA,NA,NA,NA,NA,NA,NA
30,DS4010,3,NA,NA,NA,200,NA,NA,NA,NA,NA,NA,NA
31,DS4010,4,NA,NA,NA,75,NA,NA,75,NA,NA,NA,NA
32,DS4012,1,200,NA,NA,NA,NA,NA,NA,NA,NA,NA,NA
33,DS4012,2,200,NA,NA,NA,NA,NA,NA,NA,NA,NA,NA
34,DS4012,3,200,NA,NA,NA,NA,NA,NA,NA,NA,NA,NA
35,DS4012,4,200,NA,NA,NA,NA,NA,NA,NA,NA,NA,NA
36,DS4014,1,200,NA,NA,NA,NA,NA,NA,NA,NA,NA,NA
37,DS4014,2,200,NA,NA,NA,NA,NA,NA,NA,NA,NA,NA
38,DS4014,3,250,NA,NA,200,NA,NA,NA,NA,NA,NA,NA
39,DS4014,4,50,NA,NA,200,NA,NA,NA,NA,NA,NA,NA
40,DS4015,1,400,NA,400,NA,NA,NA,NA,NA,NA,NA,NA
41,DS4015,2,400,NA,400,NA,NA,NA,NA,NA,NA,NA,NA
42,DS4015,3,400,NA,400,NA,NA,NA,NA,NA,NA,NA,NA
43,DS4015,4,400,NA,400,NA,NA,NA,NA,NA,NA,NA,NA
44,DS4016,1,100,NA,NA,NA,NA,NA,NA,NA,NA,NA,NA
45,DS4016,2,100,NA,NA,NA,NA,NA,NA,NA,NA,NA,NA
46,DS4016,3,NA,NA,NA,NA,NA,100,NA,NA,NA,NA,NA
47,DS4016,4,NA,NA,NA,NA,NA,100,NA,NA,NA,NA,NA
48,DS4017,1,100,NA,100,NA,NA,NA,NA,100,NA,NA,NA
49,DS4017,2,100,NA,100,NA,NA,NA,NA,NA,NA,NA,NA
50,DS4017,3,NA,NA,100,NA,100,NA,NA,NA,NA,NA,NA
51,DS4017,4,100,NA,NA,NA,NA,NA,NA,NA,100,NA,NA
52,DS4017,5,100,NA,100,NA,NA,NA,NA,NA,NA,NA,NA
53,DS4018,1,200,NA,NA,NA,NA,NA,NA,NA,NA,NA,NA
54,DS4018,3,NA,100,NA,NA,NA,NA,NA,NA,NA,NA,NA
55,DS4018,4,NA,NA,NA,NA,NA,100,NA,NA,NA,NA,NA
56,DS4018,5,NA,NA,NA,NA,NA,100,NA,NA,NA,NA,NA
57,DS4019,1,150,NA,NA,NA,NA,NA,NA,NA,NA,NA,NA
58,DS4019,2,200,NA,NA,NA,NA,NA,NA,NA,NA,NA,NA
59,DS4019,3,150,NA,NA,NA,NA,NA,NA,NA,NA,NA,NA
60,DS4019,4,150,NA,NA,NA,NA,NA,NA,NA,NA,NA,NA
61,DS4019,5,150,NA,NA,NA,NA,NA,NA,NA,NA,NA,NA
62,DS4020,1,200,NA,NA,NA,NA,NA,NA,NA,NA,NA,NA
63,DS4020,2,200,NA,NA,NA,NA,NA,NA,NA,NA,NA,NA
64,DS4020,3,NA,NA,NA,200,NA,NA,NA,NA,NA,NA,NA
65,DS4020,4,NA,NA,NA,NA,NA,NA,150,NA,NA,NA,NA
66,DS4020,5,NA,NA,NA,NA,NA,100,NA,NA,NA,NA,NA
67,DS4021,1,300,NA,NA,NA,NA,NA,NA,NA,NA,NA,NA
68,DS4021,2,58,50,NA,NA,50,NA,NA,NA,NA,NA,NA
69,DS4021,3,50,50,NA,NA,50,NA,NA,NA,NA,NA,NA
70,DS4021,4,NA,50,NA,NA,50,NA,NA,NA,NA,NA,NA
71,DS4021,5,NA,150,NA,NA,NA,NA,NA,NA,NA,NA,NA
72,DS4022,1,200,NA,NA,NA,NA,NA,NA,NA,NA,NA,NA
73,DS4022,2,100,NA,50,NA,NA,NA,50,NA,NA,NA,NA
74,DS4022,3,200,NA,NA,NA,NA,NA,NA,NA,NA,NA,NA
75,DS4022,4,100,NA,100,NA,NA,NA,NA,NA,NA,NA,NA
76,DS4022,5,NA,NA,NA,NA,NA,NA,150,NA,NA,NA,NA
77,DS4023,1,150,75,NA,NA,NA,NA,NA,NA,NA,NA,NA
78,DS4023,2,150,75,NA,NA,NA,NA,NA,NA,NA,NA,NA
79,DS4023,3,NA,100,100,NA,NA,NA,NA,NA,NA,NA,NA
80,DS4023,4,NA,100,100,NA,NA,NA,NA,NA,NA,NA,NA
81,DS4023,5,NA,75,NA,NA,NA,NA,NA,NA,NA,NA,NA
82,DS4024,2,NA,NA,NA,NA,NA,NA,NA,NA,50,50,NA
83,DS4024,3,50,NA,NA,NA,NA,NA,125,NA,NA,NA,NA
84,DS4024,5,NA,130,NA,NA,NA,NA,100,NA,NA,NA,NA
85,DS4025,1,200,NA,NA,NA,NA,NA,150,NA,NA,NA,NA
86,DS4025,2,200,NA,NA,NA,NA,NA,200,NA,NA,NA,NA
87,DS4025,3,NA,NA,200,NA,200,NA,NA,NA,NA,NA,NA
88,DS4025,4,NA,200,200,NA,200,NA,NA,NA,NA,NA,NA
89,DS4025,5,NA,NA,200,NA,200,NA,NA,NA,NA,NA,NA
90,DS4026,1,NA,50,50,NA,NA,NA,NA,NA,25,NA,NA
91,DS4026,2,NA,100,50,NA,25,NA,NA,NA,25,NA,NA
92,DS4026,3,NA,100,25,NA,50,NA,NA,NA,NA,NA,NA
93,DS4026,4,NA,75,25,NA,NA,NA,NA,50,NA,NA,NA
94,DS4026,5,NA,75,NA,NA,NA,NA,NA,NA,NA,NA,NA
95,DS4027,1,NA,170,NA,NA,75,NA,NA,25,NA,NA,100
96,DS4027,2,NA,200,NA,NA,50,NA,NA,25,NA,NA,NA
97,DS4027,3,NA,100,NA,NA,25,NA,NA,25,NA,NA,NA
98,DS4027,4,NA,100,NA,NA,50,NA,NA,NA,NA,NA,NA
99,DS4028,1,200,NA,NA,NA,NA,NA,NA,NA,NA,NA,NA
100,DS4028,2,NA,NA,NA,200,NA,NA,NA,NA,NA,NA,NA
101,DS4028,3,NA,NA,NA,200,NA,NA,NA,NA,NA,NA,NA
102,DS4028,4,NA,NA,NA,150,NA,NA,50,NA,NA,NA,NA
103,DS4029,1,175,NA,NA,NA,NA,NA,NA,NA,NA,NA,NA
104,DS4029,2,NA,75,50,NA,50,NA,NA,NA,NA,NA,NA
105,DS4029,3,NA,NA,NA,150,NA,NA,NA,NA,NA,NA,NA
106,DS4029,4,NA,NA,NA,NA,NA,150,NA,NA,NA,NA,NA
107,DS4030,1,5,NA,NA,NA,NA,NA,NA,NA,NA,NA,NA
108,DS4030,2,100,NA,200,NA,NA,NA,NA,NA,NA,NA,NA
109,DS4030,3,150,NA,NA,NA,50,NA,NA,NA,NA,NA,NA
110,DS4030,4,NA,NA,150,NA,NA,NA,NA,NA,NA,NA,NA
111,DS4031,1,150,NA,NA,NA,NA,NA,NA,NA,NA,NA,NA
112,DS4031,2,100,50,NA,NA,50,NA,NA,NA,NA,NA,NA
113,DS4031,3,NA,NA,NA,150,NA,NA,NA,NA,NA,NA,NA
114,DS4031,4,NA,NA,NA,NA,NA,100,NA,50,NA,NA,NA
115,DS4032,1,200,200,NA,NA,NA,NA,NA,NA,NA,NA,NA
116,DS4032,2,NA,150,100,NA,100,NA,NA,NA,NA,NA,NA
117,DS4032,3,NA,NA,NA,NA,NA,NA,150,NA,NA,NA,NA
118,DS4032,4,NA,NA,NA,NA,165,NA,NA,NA,NA,NA,NA
119,DS4032,5,NA,NA,165,NA,NA,NA,NA,NA,NA,NA,NA
120,DS4033,1,100,NA,NA,NA,NA,NA,NA,NA,NA,NA,NA
121,DS4033,2,116,NA,NA,NA,NA,NA,NA,NA,NA,NA,NA
122,DS4033,3,NA,NA,NA,100,NA,NA,NA,NA,NA,NA,NA
123,DS4033,4,NA,100,NA,NA,NA,NA,NA,NA,NA,NA,NA
124,DS4034,2,NA,200,100,NA,50,NA,NA,NA,NA,NA,NA
125,DS4034,3,NA,100,50,NA,50,NA,NA,NA,NA,NA,NA
126,DS4034,4,NA,100,NA,NA,NA,NA,NA,NA,NA,NA,NA
127,DS4035,1,100,100,100,NA,NA,NA,NA,NA,NA,NA,NA
128,DS4035,2,50,75,75,NA,NA,NA,NA,NA,NA,NA,NA
129,DS4035,3,NA,75,NA,NA,100,NA,NA,NA,NA,NA,NA
130,DS4035,4,NA,50,NA,50,NA,NA,NA,NA,NA,NA,NA
131,DS4036,1,NA,200,50,NA,NA,NA,NA,NA,NA,NA,NA
132,DS4036,2,232,NA,NA,NA,NA,NA,58,100,NA,NA,NA
133,DS4036,3,NA,100,50,NA,NA,NA,NA,116,NA,NA,NA
134,DS4036,4,NA,116,NA,NA,NA,NA,58,50,NA,NA,NA
135,DS4037,1,200,NA,NA,NA,NA,NA,NA,NA,NA,NA,NA
136,DS4037,2,NA,100,50,NA,NA,NA,NA,NA,NA,NA,NA
137,DS4037,3,NA,50,NA,NA,50,NA,NA,NA,NA,NA,NA
138,DS4037,4,NA,100,NA,NA,NA,NA,NA,NA,NA,NA,NA
139,DS4037,5,NA,100,NA,NA,NA,NA,NA,NA,NA,NA,NA
140,DS4038,1,NA,50,NA,NA,NA,NA,NA,NA,NA,NA,NA
141,DS4038,2,NA,100,50,NA,NA,NA,NA,NA,NA,NA,NA
142,DS4038,3,NA,NA,NA,175,NA,NA,NA,NA,NA,NA,NA
143,DS4038,4,NA,NA,NA,NA,100,NA,NA,NA,NA,NA,NA
144,DS4038,5,NA,125,NA,NA,NA,NA,NA,NA,NA,NA,NA
145,DS4039,1,NA,NA,NA,NA,100,NA,NA,NA,NA,NA,NA
146,DS4039,2,NA,NA,NA,150,NA,NA,NA,NA,NA,NA,NA
147,DS4039,3,NA,NA,NA,150,NA,NA,NA,NA,NA,NA,NA
148,DS4039,4,NA,NA,NA,NA,NA,NA,150,NA,NA,NA,NA
149,DS4039,5,NA,100,NA,NA,NA,NA,NA,NA,NA,NA,NA
150,DS4040,1,NA,100,NA,NA,50,NA,NA,NA,NA,NA,NA
151,DS4040,2,NA,125,50,NA,50,NA,NA,NA,NA,NA,NA
152,DS4040,3,NA,100,100,NA,100,NA,NA,NA,NA,NA,NA
153,DS4040,4,NA,75,NA,NA,60,NA,NA,NA,NA,NA,NA
154,DS4040,5,NA,227.2727273,NA,NA,NA,NA,NA,NA,NA,NA,NA
155,DS4041,1,200,NA,NA,NA,NA,NA,NA,NA,NA,NA,NA
156,DS4041,2,400,NA,NA,NA,NA,NA,NA,NA,NA,NA,NA
157,DS4041,3,NA,50,75,NA,75,NA,NA,NA,NA,NA,NA
158,DS4041,4,NA,50,75,NA,75,NA,NA,NA,NA,NA,NA
159,DS4041,5,NA,100,NA,NA,NA,NA,NA,NA,NA,NA,NA
160,DS4042,1,NA,100,50,NA,NA,NA,NA,NA,NA,NA,NA
161,DS4042,2,NA,100,50,NA,NA,NA,NA,NA,NA,NA,NA
162,DS4042,3,NA,125,NA,NA,NA,NA,NA,NA,NA,NA,NA
163,DS4042,4,NA,100,NA,NA,NA,NA,NA,NA,NA,NA,NA
164,DS4044,1,NA,50,NA,NA,NA,NA,NA,NA,NA,NA,NA
165,DS4044,3,NA,50,50,NA,NA,NA,NA,NA,NA,NA,NA
166,DS4044,4,NA,NA,50,NA,NA,NA,NA,NA,NA,NA,NA
167,DS4045,1,NA,100,50,NA,50,NA,NA,NA,NA,NA,NA
168,DS4045,2,NA,100,50,NA,50,NA,NA,NA,NA,NA,NA
169,DS4045,3,NA,75,75,NA,50,NA,NA,NA,NA,NA,NA
170,DS4045,4,NA,75,25,NA,25,NA,NA,NA,NA,NA,NA
171,DS4045,5,NA,50,NA,NA,NA,NA,NA,NA,NA,NA,NA
172,DS4046,1,NA,100,NA,NA,NA,NA,NA,NA,20,NA,NA
173,DS4046,2,NA,100,50,NA,50,NA,NA,NA,NA,NA,NA
174,DS4046,3,NA,50,50,NA,50,NA,NA,NA,NA,NA,NA
175,DS4046,4,NA,58,50,NA,NA,NA,NA,NA,NA,NA,NA
176,DS4046,5,NA,50,NA,NA,NA,NA,NA,NA,NA,NA,NA
177,DS4047,2,NA,50,NA,NA,50,NA,NA,NA,NA,NA,NA
178,DS4047,3,NA,100,NA,NA,50,NA,NA,NA,25,NA,NA
179,DS4047,4,NA,50,50,NA,50,NA,NA,NA,NA,NA,NA
180,DS4047,5,NA,50,50,NA,50,NA,NA,NA,NA,NA,NA
181,DS4048,1,100,100,NA,NA,NA,NA,NA,100,NA,NA,NA
182,DS4048,2,NA,150,NA,NA,NA,NA,NA,NA,NA,NA,NA
183,DS4048,3,NA,75,NA,NA,NA,NA,NA,NA,NA,NA,NA
184,DS4048,4,NA,50,50,NA,NA,NA,NA,NA,NA,NA,NA
185,DS4048,5,NA,50,NA,NA,NA,NA,NA,NA,NA,NA,NA
186,DS4050,1,100,50,NA,NA,NA,NA,NA,NA,NA,NA,NA
187,DS4050,2,100,50,NA,NA,50,NA,NA,NA,NA,NA,NA
188,DS4050,3,NA,150,NA,NA,50,NA,NA,NA,NA,NA,NA
189,DS4050,4,NA,150,NA,NA,NA,NA,NA,NA,NA,NA,NA
190,DS4050,5,NA,250,NA,NA,NA,NA,NA,NA,NA,NA,NA
191,DS4051,1,50,25,NA,NA,NA,NA,NA,NA,NA,NA,NA
192,DS4051,4,NA,NA,NA,NA,NA,150,NA,NA,NA,NA,NA
193,DS4052,3,NA,NA,NA,150,NA,NA,NA,NA,NA,NA,NA
194,DS4053,1,150,NA,NA,NA,NA,NA,NA,NA,NA,NA,NA
195,DS4053,2,150,150,150,NA,150,NA,NA,NA,NA,NA,NA
196,DS4053,3,NA,75,50,NA,50,NA,NA,NA,NA,NA,NA
197,DS4053,4,NA,100,50,NA,NA,NA,NA,NA,NA,NA,NA
198,DS4053,5,NA,100,NA,NA,NA,NA,NA,NA,NA,NA,NA
199,DS4054,1,NA,100,50,NA,50,NA,NA,NA,NA,NA,NA
200,DS4054,2,NA,150,50,NA,NA,NA,NA,NA,50,NA,NA
201,DS4054,3,NA,75,25,NA,25,NA,NA,NA,NA,NA,NA
202,DS4054,4,NA,50,NA,NA,NA,NA,NA,NA,NA,NA,NA
203,DS4054,5,NA,50,NA,NA,NA,NA,NA,NA,NA,NA,NA
204,DS4055,1,NA,50,NA,NA,50,NA,NA,NA,NA,NA,50
205,DS4055,2,NA,NA,NA,NA,75,NA,100,75,NA,NA,NA
206,DS4055,3,NA,100,50,NA,NA,NA,NA,50,NA,NA,NA
207,DS4055,4,NA,150,NA,NA,NA,NA,NA,NA,NA,NA,NA
208,DS4056,1,NA,NA,NA,NA,NA,NA,NA,NA,50,NA,NA
209,DS4056,2,NA,100,100,NA,100,NA,NA,NA,NA,NA,NA
210,DS4056,3,NA,NA,100,NA,NA,100,NA,50,NA,NA,NA
211,DS4056,4,NA,NA,NA,NA,NA,100,NA,50,NA,NA,NA
212,DS4056,5,NA,50,50,NA,NA,NA,NA,NA,NA,NA,NA
213,DS4057,1,200,NA,NA,NA,NA,NA,NA,NA,NA,NA,NA
214,DS4057,2,150,NA,NA,NA,NA,NA,NA,NA,NA,NA,NA
215,DS4057,3,NA,150,50,NA,NA,NA,NA,NA,NA,NA,NA
216,DS4057,4,NA,50,50,NA,NA,NA,NA,NA,NA,NA,NA
217,DS4057,5,NA,50,NA,NA,NA,NA,NA,NA,NA,NA,NA
218,DS4058,1,NA,100,NA,NA,50,NA,NA,NA,NA,NA,NA
219,DS4058,2,NA,100,150,NA,50,NA,NA,NA,NA,NA,NA
220,DS4058,3,NA,100,50,NA,50,NA,NA,NA,NA,NA,NA
221,DS4058,4,NA,50,25,NA,50,NA,NA,NA,NA,NA,NA
222,DS4111,1,200,NA,NA,NA,NA,NA,NA,NA,NA,NA,NA
223,DS4111,2,200,NA,NA,NA,NA,NA,NA,NA,NA,NA,NA
224,DS4111,4,NA,NA,NA,NA,NA,NA,NA,NA,NA,100,NA
225,DS4111,5,NA,NA,NA,NA,NA,100,NA,NA,NA,NA,NA
226,ES1001,1,150,NA,NA,NA,NA,NA,NA,NA,NA,NA,NA
227,ES1001,5,NA,NA,100,NA,NA,NA,NA,NA,NA,NA,NA
228,ES1002,1,225,NA,NA,NA,NA,NA,NA,NA,NA,NA,NA
229,ES1002,2,NA,NA,75,NA,NA,NA,NA,NA,NA,NA,NA
230,ES1002,3,NA,NA,50,NA,NA,NA,NA,NA,NA,NA,NA
231,ES1002,4,NA,NA,50,NA,NA,NA,NA,NA,NA,NA,NA
232,ES1004,1,150,NA,NA,NA,NA,NA,NA,NA,NA,NA,NA
233,ES1004,2,150,NA,100,NA,NA,NA,NA,NA,NA,NA,NA
234,ES1004,3,100,NA,NA,NA,NA,NA,NA,NA,NA,NA,NA
235,ES1005,1,50,NA,NA,NA,NA,NA,NA,NA,NA,NA,NA
236,ES1005,2,100,50,NA,NA,50,NA,NA,NA,100,NA,NA
237,ES1005,3,NA,50,NA,NA,NA,NA,NA,NA,50,NA,NA
238,ES1005,4,100,50,NA,NA,NA,NA,NA,NA,NA,NA,NA
239,ES1006,1,100,NA,NA,50,NA,50,50,NA,NA,NA,NA
240,ES1006,2,50,NA,NA,50,NA,50,NA,NA,NA,NA,NA
241,ES1007,1,50,50,50,NA,NA,NA,NA,NA,NA,NA,NA
242,ES1007,2,150,NA,50,NA,NA,NA,NA,NA,NA,NA,NA
243,ES1007,3,150,NA,50,NA,NA,NA,NA,NA,NA,NA,NA
244,ES1007,4,100,NA,50,NA,NA,NA,NA,NA,NA,NA,NA
245,ES1010,1,150,NA,NA,NA,NA,NA,NA,NA,NA,NA,NA
246,ES1010,2,150,NA,NA,NA,NA,NA,NA,NA,NA,NA,NA
247,ES1010,3,100,NA,50,NA,NA,NA,NA,NA,NA,NA,NA
248,ES1011,1,200,NA,200,NA,NA,NA,NA,NA,NA,NA,NA
249,ES1011,2,200,NA,NA,NA,NA,NA,NA,NA,NA,NA,NA
250,ES1011,3,200,NA,NA,NA,NA,NA,NA,NA,NA,NA,NA
251,ES1011,4,100,NA,50,NA,NA,NA,NA,NA,NA,NA,NA
252,ES1012,1,200,NA,25,NA,NA,NA,NA,NA,NA,NA,NA
253,ES1012,2,200,NA,50,NA,NA,NA,NA,NA,NA,NA,NA
254,ES1012,3,NA,150,NA,NA,NA,NA,NA,NA,NA,NA,NA
255,ES1012,4,NA,NA,NA,NA,NA,NA,50,NA,NA,NA,NA
256,ES1013,1,100,NA,100,NA,NA,NA,NA,NA,NA,NA,NA
257,ES1013,2,50,NA,50,NA,NA,NA,NA,NA,NA,NA,NA
258,ES1013,3,100,NA,NA,NA,NA,NA,NA,NA,NA,NA,NA
259,ES1013,4,100,NA,NA,NA,NA,NA,NA,NA,NA,NA,NA
260,ES1014,1,NA,50,100,NA,NA,NA,NA,NA,NA,NA,NA
261,ES1014,2,200,50,50,NA,NA,NA,NA,NA,NA,NA,NA
262,ES1014,3,NA,50,100,NA,NA,NA,NA,NA,NA,NA,NA
263,ES1014,4,50,NA,NA,NA,NA,250,NA,NA,NA,NA,NA
264,ES1015,1,200,NA,NA,NA,NA,NA,NA,NA,NA,NA,NA
265,ES1015,2,200,NA,NA,NA,NA,NA,NA,NA,NA,NA,NA
266,ES1015,3,200,NA,NA,NA,NA,NA,NA,NA,NA,NA,NA
267,ES1015,4,NA,NA,NA,NA,NA,125,NA,NA,NA,NA,NA
268,ES1016,1,150,NA,NA,NA,NA,NA,NA,NA,NA,NA,NA
269,ES1016,2,100,NA,NA,100,NA,NA,NA,NA,NA,NA,NA
270,ES1016,3,50,NA,50,150,NA,NA,NA,NA,NA,NA,NA
271,ES1016,4,NA,NA,NA,50,50,NA,NA,NA,NA,NA,NA
272,ES1016,5,NA,NA,NA,NA,NA,125,NA,NA,NA,NA,NA
273,ES1017,1,150,NA,50,NA,NA,NA,50,NA,NA,NA,NA
274,ES1017,2,100,NA,NA,NA,NA,NA,100,NA,NA,NA,NA
275,ES1017,3,250,NA,NA,NA,NA,NA,NA,NA,NA,NA,NA
276,ES1017,4,150,NA,100,NA,NA,NA,100,NA,NA,NA,NA
277,ES1019,1,100,NA,NA,NA,NA,NA,NA,NA,NA,NA,NA
278,ES1019,2,100,NA,NA,50,NA,NA,NA,NA,NA,NA,NA
279,ES1019,3,100,100,NA,NA,NA,NA,NA,NA,NA,NA,NA
280,ES1020,1,200,NA,NA,NA,NA,NA,NA,NA,NA,NA,NA
281,ES1020,2,NA,NA,NA,NA,NA,NA,NA,NA,200,NA,NA
282,ES1020,3,NA,NA,NA,200,NA,NA,NA,NA,NA,NA,NA
283,ES1020,4,NA,200,NA,NA,NA,NA,NA,NA,NA,NA,NA
284,ES1020,5,NA,NA,NA,NA,NA,200,NA,NA,NA,NA,NA
285,ES1021,1,150,NA,NA,NA,NA,NA,NA,NA,NA,NA,NA
286,ES1021,2,NA,NA,NA,NA,NA,150,NA,NA,NA,NA,NA
287,ES1021,3,NA,NA,NA,150,NA,NA,NA,NA,NA,NA,NA
288,ES1021,4,NA,NA,NA,150,NA,NA,NA,NA,NA,NA,NA
289,ES1021,5,NA,NA,NA,NA,NA,150,NA,NA,NA,NA,NA
290,ES1022,1,50,NA,NA,NA,NA,NA,NA,NA,100,NA,NA
291,ES1022,2,100,NA,NA,NA,NA,NA,NA,NA,100,NA,NA
292,ES1022,3,NA,NA,NA,75,NA,NA,NA,NA,NA,NA,NA
293,ES1022,4,NA,NA,NA,75,NA,NA,NA,NA,NA,NA,NA
294,ES1023,1,350,NA,NA,NA,NA,NA,NA,NA,NA,NA,NA
295,ES1023,2,NA,200,200,NA,NA,NA,NA,NA,NA,NA,NA
296,ES1023,3,NA,NA,100,100,NA,NA,NA,NA,NA,NA,NA
297,ES1023,4,NA,NA,100,NA,NA,NA,100,NA,NA,NA,NA
298,ES1024,1,100,NA,NA,100,NA,NA,NA,NA,NA,NA,NA
299,ES1024,2,150,NA,100,NA,NA,NA,NA,NA,NA,NA,NA
300,ES1024,3,NA,50,100,NA,100,NA,NA,NA,NA,NA,NA
301,ES1024,4,NA,NA,NA,150,100,NA,NA,NA,NA,NA,NA
302,ES1025,1,NA,150,NA,NA,NA,NA,NA,NA,NA,NA,NA
303,ES1025,2,NA,NA,150,NA,NA,NA,NA,NA,NA,NA,NA
304,ES1025,3,NA,NA,NA,NA,NA,NA,150,NA,NA,NA,NA
305,ES1026,1,250,NA,NA,NA,NA,NA,NA,NA,NA,NA,NA
306,ES1026,2,250,NA,NA,NA,NA,NA,NA,NA,NA,NA,NA
307,ES1026,3,100,50,50,NA,NA,NA,NA,NA,NA,NA,NA
308,ES1026,4,NA,NA,NA,150,100,NA,NA,NA,NA,NA,NA
309,ES1027,1,100,50,50,NA,NA,NA,NA,NA,NA,NA,NA
310,ES1027,2,50,NA,NA,NA,NA,NA,NA,NA,NA,NA,NA
311,ES1027,3,NA,50,100,NA,NA,NA,NA,NA,NA,NA,NA
312,ES1027,4,NA,NA,150,NA,NA,50,NA,NA,NA,NA,NA
313,ES1028,1,200,NA,NA,NA,NA,NA,NA,NA,NA,NA,NA
314,ES1028,2,200,NA,NA,NA,NA,NA,NA,NA,NA,NA,NA
315,ES1028,3,NA,NA,NA,150,50,NA,NA,NA,NA,NA,NA
316,ES1028,4,NA,NA,NA,150,50,NA,NA,NA,NA,NA,NA
317,ES1029,1,250,NA,NA,NA,NA,NA,NA,NA,NA,NA,NA
318,ES1029,2,NA,NA,200,NA,NA,NA,NA,NA,NA,NA,NA
319,ES1029,3,NA,NA,NA,200,NA,NA,NA,NA,NA,NA,NA
320,ES1029,4,NA,100,100,NA,NA,NA,NA,NA,NA,NA,NA
321,ES1030,1,150,NA,NA,NA,NA,NA,NA,NA,NA,NA,NA
322,ES1030,2,150,NA,50,NA,NA,NA,NA,NA,NA,NA,NA
323,ES1030,3,NA,NA,NA,150,NA,NA,NA,NA,NA,NA,NA
324,ES1031,1,200,NA,NA,NA,NA,NA,NA,NA,NA,NA,NA
325,ES1031,2,100,NA,NA,NA,NA,50,NA,NA,NA,NA,NA
326,ES1031,3,100,NA,NA,NA,NA,100,NA,NA,NA,NA,NA
327,ES1031,4,100,NA,NA,NA,NA,100,NA,NA,NA,NA,NA
328,ES1031,5,NA,NA,NA,NA,NA,100,NA,NA,NA,NA,NA
329,ES1033,1,50,31.25,NA,NA,NA,NA,40,NA,NA,NA,NA
330,ES1033,2,50,50,NA,NA,NA,NA,40,NA,NA,NA,NA
331,ES1033,3,NA,50,50,NA,25,NA,NA,NA,NA,NA,NA
332,ES1033,4,50,75,40,NA,50,NA,NA,NA,NA,NA,NA
333,ES1033,5,NA,NA,NA,NA,50,NA,39,NA,NA,NA,NA
334,ES1034,1,50,50,50,NA,NA,NA,50,NA,NA,NA,NA
335,ES1034,2,75,50,NA,NA,NA,NA,50,NA,NA,NA,NA
336,ES1034,3,NA,50,50,NA,75,NA,NA,NA,NA,NA,NA
337,ES1034,4,50,50,NA,NA,75,NA,NA,NA,NA,NA,NA
338,ES1034,5,NA,NA,NA,NA,100,NA,50,NA,NA,NA,NA
339,ES1036,1,NA,NA,100,NA,50,NA,NA,NA,NA,NA,25
340,ES1036,2,NA,NA,25,NA,75,NA,NA,NA,NA,NA,25
341,ES1036,3,NA,50,50,NA,25,NA,NA,NA,NA,NA,25
342,ES1036,4,NA,50,50,NA,25,NA,NA,NA,NA,NA,25
343,ES1036,5,NA,NA,100,NA,NA,NA,NA,NA,NA,NA,NA
344,ES1037,1,NA,NA,50,NA,50,NA,NA,NA,NA,NA,NA
345,ES1037,2,NA,125,50,NA,50,NA,NA,NA,NA,NA,NA
346,ES1037,3,NA,100,50,NA,50,NA,NA,NA,NA,NA,NA
347,ES1037,4,NA,75,50,NA,50,NA,NA,NA,NA,NA,NA
348,ES1037,5,NA,50,NA,NA,50,NA,NA,NA,NA,NA,NA
349,ES1038,2,NA,100,50,NA,NA,NA,NA,NA,NA,NA,NA
350,ES1038,3,50,50,NA,NA,NA,NA,NA,NA,NA,NA,NA
351,ES1038,4,50,50,NA,NA,NA,NA,NA,NA,NA,NA,NA
352,ES1039,1,200,NA,NA,NA,NA,NA,NA,NA,NA,NA,NA
353,ES1039,2,100,50,NA,NA,NA,NA,NA,NA,NA,NA,NA
354,ES1039,3,NA,200,NA,NA,NA,NA,NA,NA,NA,NA,NA
355,ES1039,4,NA,50,102.5641026,NA,NA,NA,NA,NA,NA,NA,NA
356,ES1040,1,NA,50,150,NA,NA,NA,NA,NA,NA,NA,NA
357,ES1040,2,100,NA,100,NA,NA,NA,NA,NA,NA,NA,NA
358,ES1040,3,100,50,NA,NA,NA,NA,NA,NA,NA,NA,NA
359,ES1040,4,NA,NA,50,NA,NA,NA,NA,NA,NA,NA,NA
360,ES1041,1,200,NA,NA,NA,NA,NA,NA,NA,NA,NA,NA
361,ES1041,2,NA,200,NA,NA,NA,NA,NA,NA,NA,NA,NA
362,ES1041,3,NA,62.5,100,NA,NA,NA,NA,NA,NA,NA,NA
363,ES1041,4,NA,50,50,NA,NA,NA,NA,NA,NA,NA,NA
364,ES1043,1,100,NA,NA,NA,NA,NA,NA,NA,NA,NA,NA
365,ES1043,2,NA,50,NA,NA,NA,NA,NA,NA,NA,NA,NA
366,ES1043,3,NA,50,NA,NA,NA,NA,NA,NA,NA,NA,NA
367,ES1043,4,NA,200,NA,NA,NA,NA,NA,NA,NA,NA,NA
368,ES1043,5,NA,50,NA,NA,NA,NA,NA,NA,NA,NA,NA
369,ES1044,1,NA,62.5,50,NA,50,NA,NA,NA,NA,NA,NA
370,ES1044,2,50,100,NA,NA,NA,NA,NA,NA,NA,NA,NA
371,ES1044,3,50,NA,100,NA,NA,NA,NA,NA,NA,NA,NA
372,ES1044,4,100,NA,50,NA,NA,NA,NA,NA,NA,NA,NA
373,ES1044,5,NA,50,50,NA,NA,NA,NA,NA,NA,NA,NA
374,ES1045,2,200,NA,NA,NA,NA,NA,NA,NA,NA,NA,NA
375,ES1045,3,NA,NA,NA,303.7974684,NA,NA,NA,NA,NA,NA,NA
376,ES1045,4,NA,NA,NA,200,NA,NA,NA,NA,NA,NA,NA
377,ES1045,5,NA,200,NA,NA,NA,NA,NA,NA,NA,NA,NA
378,ES1046,1,50,100,NA,NA,NA,NA,NA,NA,NA,NA,NA
379,ES1046,2,NA,100,NA,NA,NA,NA,NA,NA,NA,NA,NA
380,ES1046,3,NA,NA,NA,100,NA,NA,NA,NA,NA,NA,NA
381,ES1046,4,NA,50,100,NA,50,NA,NA,NA,NA,NA,NA
382,ES1046,5,NA,100,NA,NA,NA,NA,NA,NA,NA,NA,NA
383,ES1048,1,50,100,NA,NA,50,NA,NA,NA,NA,NA,NA
384,ES1048,2,NA,100,NA,NA,NA,NA,NA,NA,NA,NA,NA
385,ES1048,3,NA,NA,NA,80,NA,NA,NA,NA,NA,NA,NA
386,ES1048,4,NA,100,NA,NA,100,NA,NA,NA,NA,NA,NA
387,ES1048,5,NA,100,NA,NA,NA,NA,NA,NA,NA,NA,NA
388,ES1050,1,100,200,NA,NA,25,NA,NA,NA,NA,NA,NA
389,ES1050,2,100,100,NA,NA,NA,NA,NA,NA,NA,NA,NA
390,ES1050,3,NA,50,50,NA,NA,NA,NA,NA,NA,NA,NA
391,ES1050,4,NA,75,NA,NA,NA,NA,NA,NA,NA,NA,NA
392,ES1051,1,100,100,NA,NA,NA,NA,NA,NA,NA,NA,NA
393,ES1051,2,NA,50,150,NA,NA,NA,NA,NA,NA,NA,NA
394,ES1051,3,NA,100,100,NA,NA,NA,NA,NA,NA,NA,NA
395,ES1051,4,NA,100,NA,NA,100,NA,NA,NA,NA,NA,NA
396,ES1051,5,NA,100,NA,NA,NA,NA,NA,NA,NA,NA,NA
397,ES1052,1,100,NA,NA,NA,100,NA,NA,NA,NA,NA,NA
398,ES1052,2,NA,100,50,NA,50,NA,NA,NA,NA,NA,NA
399,ES1052,3,200,NA,NA,NA,NA,NA,NA,NA,NA,NA,NA
400,ES1052,5,NA,100,NA,NA,NA,NA,NA,NA,NA,NA,NA
401,ES1053,1,NA,100,NA,NA,50,NA,NA,NA,NA,NA,NA
402,ES1053,2,NA,100,NA,NA,50,NA,NA,NA,NA,NA,NA
403,ES1053,3,NA,50,50,NA,50,NA,NA,NA,NA,NA,NA
404,ES1053,4,NA,100,50,NA,50,NA,NA,NA,NA,NA,NA
405,ES1054,1,NA,50,NA,NA,NA,NA,NA,NA,NA,NA,NA
406,ES1054,2,NA,50,50,NA,50,NA,NA,NA,NA,NA,NA
407,ES1054,3,NA,NA,50,NA,50,NA,NA,NA,NA,NA,NA
408,ES1054,4,NA,NA,75,NA,75,NA,NA,NA,NA,NA,NA
409,ES1055,1,200,NA,NA,NA,NA,NA,NA,NA,NA,NA,NA
410,ES1055,2,NA,100,50,NA,50,NA,NA,NA,NA,NA,NA
411,ES1055,3,NA,100,50,NA,50,NA,NA,NA,NA,NA,NA
412,ES1055,4,NA,100,NA,NA,100,NA,NA,NA,NA,NA,NA
413,ES1055,5,NA,100,NA,NA,NA,NA,NA,NA,NA,NA,NA
414,ES1056,1,NA,50,50,NA,NA,NA,NA,NA,40,NA,NA
415,ES1056,2,50,50,50,NA,50,NA,NA,NA,NA,NA,NA
416,ES1056,3,NA,100,50,NA,50,NA,NA,NA,NA,NA,NA
417,ES1056,4,NA,150,NA,NA,50,NA,NA,NA,NA,NA,NA
418,ES1057,1,200,NA,NA,NA,NA,NA,NA,NA,NA,NA,NA
419,ES1057,2,100,100,NA,NA,NA,NA,NA,NA,NA,NA,NA
420,ES1057,3,NA,50,50,NA,NA,NA,NA,NA,NA,NA,NA
421,ES1057,4,NA,50,100,NA,NA,NA,NA,NA,NA,NA,NA
422,ES1057,5,NA,75,NA,NA,NA,NA,NA,NA,NA,NA,NA
423,ES1058,1,100,100,NA,NA,NA,NA,NA,NA,NA,NA,NA
424,ES1058,2,100,2500,NA,NA,NA,NA,NA,NA,NA,NA,NA
425,ES1058,3,100,75,NA,NA,NA,NA,NA,NA,NA,NA,NA
426,ES1058,4,NA,100,NA,NA,NA,NA,NA,NA,NA,NA,NA
427,ES1058,5,50,NA,NA,NA,NA,NA,NA,NA,NA,NA,NA
428,ES1059,1,NA,NA,NA,50,NA,NA,NA,NA,100,NA,NA
429,ES1059,2,NA,NA,NA,100,NA,NA,NA,NA,100,NA,NA
430,ES1059,3,50,100,50,NA,100,NA,NA,NA,NA,NA,NA
431,ES1059,4,NA,100,50,NA,50,NA,NA,NA,NA,NA,NA
432,ES1059,5,NA,200,0,NA,0,NA,NA,NA,NA,NA,NA
433,ES1060,1,150,NA,NA,NA,NA,NA,NA,NA,NA,NA,NA
434,ES1060,2,NA,100,50,NA,50,NA,NA,NA,NA,NA,NA
435,ES1060,3,NA,100,50,NA,50,NA,NA,NA,NA,NA,NA
436,ES1060,4,NA,100,25,NA,25,NA,NA,NA,NA,NA,NA
437,ES1060,5,NA,200,NA,NA,NA,NA,NA,NA,NA,NA,NA
438,ES1061,1,100,100,NA,NA,NA,NA,NA,NA,NA,NA,NA
439,ES1061,2,NA,100,50,NA,50,NA,NA,NA,NA,NA,NA
440,ES1061,3,NA,100,50,NA,62.5,NA,NA,NA,NA,NA,NA
441,ES1061,4,NA,50,50,NA,50,NA,NA,NA,NA,NA,NA
442,ES1062,1,NA,100,50,NA,50,NA,NA,NA,NA,NA,NA
443,ES1062,2,NA,50,50,NA,NA,NA,NA,NA,NA,NA,NA
444,ES1062,3,NA,75,25,NA,25,NA,NA,NA,NA,NA,NA
445,ES1062,4,NA,100,NA,NA,NA,NA,NA,NA,NA,NA,NA
446,ES1063,1,100,NA,NA,NA,NA,NA,NA,NA,NA,NA,NA
447,ES1063,2,200,NA,NA,NA,NA,NA,NA,NA,NA,NA,NA
448,ES1063,3,NA,NA,NA,200,NA,NA,NA,NA,NA,NA,NA
449,ES1063,4,NA,150,NA,NA,NA,NA,NA,NA,NA,NA,NA
450,ES1063,5,NA,150,NA,NA,NA,NA,NA,NA,NA,NA,NA
451,ES1064,1,NA,100,100,NA,NA,NA,NA,NA,NA,NA,NA
452,ES1064,2,NA,100,NA,NA,50,NA,NA,NA,NA,NA,40
453,ES1064,3,NA,100,50,NA,50,NA,NA,NA,NA,NA,NA
454,ES1064,4,NA,50,25,NA,25,NA,NA,NA,NA,NA,NA
455,ES1064,5,NA,25,NA,NA,NA,NA,NA,NA,NA,NA,NA
456,ES1065,1,NA,100,NA,NA,50,NA,NA,NA,NA,NA,50
457,ES1065,2,NA,100,NA,NA,50,NA,NA,NA,NA,NA,40
458,ES1065,3,NA,100,50,NA,50,NA,NA,NA,NA,NA,NA
459,ES1065,4,NA,50,25,NA,25,NA,NA,NA,NA,NA,NA
460,ES1065,5,NA,50,NA,NA,NA,NA,NA,NA,NA,NA,NA
461,ES1066,1,100,NA,50,NA,NA,NA,NA,NA,NA,NA,NA
462,ES1066,2,50,NA,NA,80,NA,NA,NA,NA,NA,NA,NA
463,ES1066,3,50,100,NA,NA,NA,NA,NA,NA,NA,NA,NA
464,ES1066,4,NA,NA,NA,150,NA,NA,NA,NA,NA,NA,NA
465,ES1067,1,NA,NA,NA,100,NA,NA,NA,NA,50,NA,NA
466,ES1067,2,100,NA,NA,50,NA,NA,NA,NA,NA,NA,NA
467,ES1067,3,NA,NA,NA,100,NA,NA,NA,NA,NA,NA,NA
468,ES1067,4,NA,NA,NA,NA,NA,50,NA,NA,NA,NA,NA
469,ES1067,5,NA,NA,NA,NA,NA,125,NA,NA,NA,NA,NA
470,ES1068,1,75,NA,50,NA,25,NA,NA,NA,NA,NA,NA
471,ES1068,2,NA,50,50,NA,NA,NA,NA,NA,NA,NA,NA
472,ES1068,3,NA,200,100,NA,NA,NA,NA,NA,NA,NA,NA
473,ES1068,4,50,50,NA,NA,NA,50,NA,NA,NA,NA,NA
474,ES1070,1,NA,100,NA,NA,NA,NA,NA,NA,80,NA,NA
475,ES1070,2,100,NA,NA,NA,100,NA,NA,NA,NA,NA,NA
476,ES1070,3,NA,NA,NA,NA,100,NA,50,NA,NA,NA,NA
477,ES1070,4,NA,NA,NA,NA,NA,100,50,NA,NA,NA,NA
478,ES1070,5,NA,50,50,NA,NA,NA,NA,NA,NA,NA,NA
479,ES1071,1,50,50,NA,NA,NA,NA,NA,NA,40,NA,NA
480,ES1071,2,50,50,NA,NA,50,NA,NA,NA,NA,NA,NA
481,ES1071,3,100,50,NA,NA,50,NA,NA,NA,NA,NA,NA
482,ES1071,4,NA,100,50,NA,NA,NA,NA,NA,NA,NA,NA
483,ES1072,1,NA,75,NA,NA,NA,NA,NA,NA,10,NA,75
484,ES1072,2,NA,125,50,NA,NA,NA,NA,NA,NA,NA,NA
485,ES1072,3,NA,75,25,NA,50,NA,NA,NA,NA,NA,NA
486,ES1072,4,NA,75,NA,NA,NA,NA,NA,NA,NA,NA,NA
487,ES1073,1,NA,75,75,NA,NA,NA,NA,NA,20,NA,NA
488,ES1073,2,NA,125,50,NA,NA,NA,NA,NA,NA,NA,25
489,ES1073,3,NA,75,25,NA,50,NA,NA,NA,NA,NA,NA
490,ES1073,4,NA,75,25,NA,50,NA,NA,NA,NA,NA,NA
491,ES1073,5,50,NA,NA,NA,NA,NA,NA,NA,NA,NA,NA
492,ES1074,2,NA,50,50,NA,NA,NA,NA,NA,NA,NA,NA
493,ES1074,3,NA,50,50,NA,NA,NA,NA,NA,NA,NA,NA
494,ES1074,4,NA,75,NA,NA,NA,NA,NA,NA,NA,NA,NA
495,ES1074,5,NA,75,NA,NA,NA,NA,NA,NA,NA,NA,NA
496,ES1075,2,100,NA,NA,NA,100,NA,NA,NA,NA,NA,NA
497,ES1075,3,50,NA,NA,NA,50,NA,NA,NA,NA,NA,NA
498,ES1075,4,NA,75,50,NA,50,NA,NA,NA,NA,NA,NA
499,ES1075,5,NA,125,50,NA,NA,NA,NA,NA,NA,NA,NA
500,ES1076,1,NA,NA,100,NA,NA,NA,NA,NA,NA,NA,NA
501,ES1076,2,NA,75,75,NA,50,NA,NA,NA,NA,NA,NA
502,ES1076,3,NA,75,25,NA,50,NA,NA,NA,NA,NA,NA
503,ES1076,4,NA,75,25,NA,50,NA,NA,NA,NA,NA,NA
504,ES1076,5,NA,100,50,NA,NA,NA,NA,NA,NA,NA,NA
505,ES1077,1,NA,25,NA,NA,25,NA,NA,NA,20,NA,75
506,ES1077,2,NA,100,25,NA,25,NA,NA,NA,20,NA,NA
507,ES1077,3,NA,75,25,NA,50,NA,NA,NA,NA,NA,NA
508,ES1077,4,NA,50,50,NA,50,NA,NA,NA,NA,NA,NA
509,ES1077,5,NA,75,NA,NA,50,NA,NA,NA,NA,NA,NA
510,ES1078,1,NA,25,25,NA,NA,NA,NA,NA,20,NA,75
511,ES1078,2,NA,100,50,NA,NA,NA,NA,NA,20,NA,NA
512,ES1078,3,NA,75,50,NA,50,NA,NA,NA,NA,NA,NA
513,ES1078,4,NA,50,50,NA,NA,NA,NA,50,NA,NA,NA
514,ES1078,5,NA,50,50,NA,NA,NA,NA,50,NA,NA,NA
515,ES1080,1,NA,25,NA,NA,25,NA,NA,NA,75,NA,75
516,ES1080,2,NA,100,NA,NA,25,NA,NA,NA,25,NA,75
517,ES1080,3,NA,100,NA,NA,NA,NA,NA,NA,NA,NA,NA
518,ES1080,4,NA,50,50,NA,50,NA,NA,NA,NA,NA,NA
519,ES1080,5,NA,50,50,NA,NA,NA,NA,50,NA,NA,NA
520,ES1081,1,NA,50,NA,NA,50,NA,NA,NA,50,NA,50
521,ES1081,2,NA,50,NA,NA,50,NA,NA,NA,192.3076923,NA,50
522,ES1081,3,NA,100,100,NA,50,NA,NA,NA,NA,NA,NA
523,ES1081,4,NA,150,NA,NA,NA,NA,NA,NA,NA,NA,NA
524,ES1081,5,NA,150,NA,NA,NA,NA,NA,NA,NA,NA,NA
525,GV5004,1,50,NA,NA,NA,NA,NA,NA,NA,NA,NA,NA
526,GV5004,2,50,NA,NA,NA,NA,NA,NA,NA,NA,NA,NA
527,GV5004,3,50,NA,NA,NA,NA,NA,NA,NA,NA,NA,NA
528,GV5004,4,50,NA,NA,NA,NA,NA,NA,NA,NA,NA,NA
529,GV5005,1,200,NA,NA,NA,NA,NA,NA,NA,NA,NA,NA
530,GV5005,2,400,NA,NA,NA,NA,NA,NA,NA,NA,NA,NA
531,GV5005,3,200,NA,NA,NA,200,NA,NA,NA,NA,NA,NA
532,GV5005,4,400,NA,NA,NA,400,NA,NA,NA,NA,NA,NA
533,GV5005,5,NA,NA,NA,NA,NA,200,NA,NA,NA,NA,NA
534,GV5006,1,150,NA,NA,NA,NA,NA,NA,NA,NA,NA,NA
535,GV5006,2,NA,200,NA,NA,NA,NA,NA,NA,NA,NA,NA
536,GV5006,3,NA,100,100,NA,NA,NA,NA,NA,NA,NA,NA
537,GV5006,4,NA,NA,NA,200,NA,NA,NA,NA,NA,NA,NA
538,GV5006,5,NA,NA,NA,NA,NA,150,NA,NA,NA,NA,NA
539,GV5009,1,100,NA,100,NA,NA,NA,NA,NA,NA,NA,NA
540,GV5009,2,100,NA,100,NA,NA,NA,NA,NA,NA,NA,NA
541,GV5009,3,NA,NA,NA,50,NA,NA,NA,NA,NA,NA,NA
542,GV5012,1,200,NA,200,NA,NA,NA,NA,NA,NA,NA,NA
543,GV5012,2,200,NA,200,NA,NA,NA,NA,NA,NA,NA,NA
544,GV5012,3,200,NA,50,NA,NA,NA,NA,NA,NA,NA,NA
545,GV5012,4,100,NA,100,NA,NA,NA,NA,NA,NA,NA,NA
546,GV5013,1,150,250,150,NA,NA,NA,NA,NA,NA,NA,NA
547,GV5013,2,200,NA,100,NA,NA,NA,NA,NA,NA,NA,NA
548,GV5013,3,200,NA,192.3076923,NA,NA,NA,NA,NA,50,NA,NA
549,GV5013,4,NA,NA,NA,200,NA,NA,NA,NA,NA,NA,NA
550,GV5013,5,NA,100,NA,NA,NA,NA,NA,NA,NA,NA,NA
551,GV5014,1,150,NA,20,NA,NA,NA,NA,NA,NA,NA,NA
552,GV5014,2,150,50,NA,NA,NA,NA,NA,NA,NA,NA,NA
553,GV5014,3,150,NA,NA,NA,NA,NA,NA,NA,NA,NA,NA
554,GV5014,4,150,NA,NA,NA,NA,NA,NA,NA,NA,NA,NA
555,GV5015,1,200,NA,NA,NA,NA,NA,NA,NA,NA,NA,NA
556,GV5015,2,100,NA,NA,NA,50,NA,50,NA,NA,NA,NA
557,GV5015,3,NA,NA,NA,150,NA,NA,NA,NA,NA,NA,NA
558,GV5015,4,NA,NA,NA,150,NA,NA,NA,NA,NA,NA,NA
559,GV5015,5,NA,NA,NA,NA,NA,100,NA,NA,NA,NA,NA
560,GV5016,4,NA,NA,NA,150,NA,NA,NA,NA,NA,NA,NA
561,GV5016,5,NA,NA,NA,150,NA,NA,NA,NA,NA,NA,NA
562,GV5017,1,150,NA,50,NA,NA,NA,NA,NA,50,NA,NA
563,GV5017,2,100,NA,150,NA,NA,NA,NA,NA,NA,NA,NA
564,GV5017,3,NA,50,50,150,NA,NA,NA,NA,NA,NA,NA
565,GV5017,4,NA,50,NA,NA,100,NA,NA,NA,NA,NA,NA
566,GV5018,1,150,NA,50,NA,NA,NA,NA,NA,NA,NA,NA
567,GV5018,2,NA,NA,150,NA,NA,NA,NA,NA,NA,NA,NA
568,GV5018,3,NA,NA,50,150,NA,NA,NA,NA,NA,NA,NA
569,GV5018,4,NA,NA,NA,NA,NA,150,NA,NA,NA,NA,NA
570,GV5019,1,150,NA,NA,NA,NA,NA,NA,NA,NA,NA,NA
571,GV5019,2,50,NA,100,NA,NA,NA,NA,NA,50,NA,NA
572,GV5019,3,NA,50,NA,NA,50,NA,NA,NA,NA,NA,NA
573,GV5019,4,NA,NA,NA,NA,NA,50,NA,NA,NA,NA,NA
574,GV5019,5,NA,25,NA,NA,NA,NA,NA,NA,NA,NA,NA
575,GV5020,1,300,NA,NA,NA,NA,NA,NA,NA,NA,NA,NA
576,GV5020,2,100,NA,50,NA,NA,NA,NA,NA,NA,NA,NA
577,GV5020,3,NA,NA,NA,150,NA,NA,NA,NA,NA,NA,NA
578,GV5021,1,NA,50,50,NA,NA,NA,NA,NA,NA,NA,60
579,GV5021,2,NA,100,50,NA,25,NA,NA,NA,NA,NA,25
580,GV5021,3,NA,100,25,NA,NA,NA,NA,50,NA,NA,NA
581,GV5021,4,NA,112.5,25,NA,NA,NA,NA,40,NA,NA,NA
582,GV5021,5,NA,112.5,NA,NA,NA,NA,NA,50,NA,NA,NA
583,LG8001,1,200,NA,NA,NA,NA,NA,NA,NA,NA,NA,NA
584,LG8001,2,100,50,50,NA,NA,NA,NA,NA,NA,NA,NA
585,LG8001,3,NA,NA,NA,NA,100,NA,NA,NA,NA,NA,NA
586,LG8002,1,100,NA,NA,NA,NA,NA,NA,NA,NA,NA,NA
587,LG8002,2,NA,NA,NA,150,NA,NA,NA,NA,NA,NA,NA
588,LG8002,3,NA,NA,NA,150,NA,NA,25,NA,NA,NA,NA
589,LG8003,1,100,50,NA,NA,NA,NA,NA,NA,NA,NA,NA
590,LG8003,3,100,NA,NA,NA,NA,NA,50,NA,NA,NA,NA
591,LG8004,3,NA,29.5,32.5,NA,50,NA,NA,NA,NA,NA,NA
592,LG8004,4,NA,NA,45,NA,35,NA,NA,NA,NA,NA,NA
593,LG8005,1,120,NA,NA,NA,NA,NA,NA,NA,NA,NA,NA
594,LG8007,1,80,80,40,NA,NA,NA,NA,NA,NA,NA,NA
595,LG8007,2,40,40,40,NA,NA,NA,NA,NA,NA,NA,NA
596,LG8007,3,40,40,40,NA,NA,NA,NA,NA,NA,NA,NA
597,LG8007,4,NA,NA,NA,NA,NA,150,NA,NA,NA,NA,NA
598,LG8008,2,100,50,50,NA,NA,NA,NA,NA,NA,NA,NA
599,LG8008,3,NA,NA,50,150,NA,NA,NA,NA,NA,NA,NA
600,LG8009,1,150,NA,NA,NA,NA,NA,NA,NA,NA,NA,NA
601,LG8009,2,150,150,NA,NA,NA,NA,NA,NA,NA,NA,NA
602,LG8009,3,150,50,NA,NA,NA,NA,NA,NA,NA,NA,NA
603,LG8009,4,NA,NA,NA,NA,NA,50,NA,NA,NA,NA,NA
604,LG8011,1,100,50,NA,NA,NA,NA,NA,NA,NA,NA,NA
605,LG8011,2,100,50,NA,NA,NA,NA,NA,NA,NA,NA,NA
606,LG8011,3,NA,NA,NA,150,NA,NA,NA,NA,NA,NA,NA
607,LG8011,4,NA,NA,NA,NA,NA,50,50,NA,NA,NA,NA
608,LG8012,1,150,50,NA,NA,NA,NA,NA,NA,NA,NA,NA
609,LG8012,2,100,50,50,NA,NA,NA,NA,NA,NA,NA,NA
610,LG8012,3,NA,NA,NA,200,NA,NA,NA,NA,NA,NA,NA
611,LG8012,4,NA,NA,NA,NA,NA,125,NA,NA,NA,NA,NA
612,LG8013,1,400,NA,NA,NA,NA,NA,NA,NA,NA,NA,NA
613,LG8013,2,150,NA,100,NA,100,NA,NA,NA,NA,NA,NA
614,LG8013,3,NA,NA,NA,150,NA,75,NA,NA,NA,NA,NA
615,LG8013,4,NA,NA,NA,NA,100,NA,100,NA,NA,NA,NA
616,LG8014,1,400,NA,400,NA,NA,NA,NA,NA,NA,NA,NA
617,LG8014,2,200,NA,200,NA,200,NA,NA,NA,NA,NA,NA
618,LG8014,3,200,NA,200,NA,200,NA,NA,NA,NA,NA,NA
619,LG8014,4,NA,NA,NA,NA,50,NA,100,NA,NA,NA,NA
620,LG8015,1,300,NA,NA,NA,NA,NA,NA,NA,NA,NA,NA
621,LG8015,2,NA,NA,50,NA,NA,NA,NA,NA,NA,NA,NA
622,LG8015,3,NA,NA,NA,NA,NA,NA,50,NA,NA,NA,NA
623,LG8016,2,50,NA,50,NA,NA,NA,NA,NA,NA,NA,NA
624,LG8016,3,50,NA,50,50,NA,NA,NA,NA,NA,NA,NA
625,LG8020,1,100,50,NA,NA,NA,NA,NA,NA,NA,NA,NA
626,LG8021,1,50,NA,NA,NA,NA,NA,NA,NA,NA,NA,NA
627,LG8021,2,NA,25,NA,NA,25,NA,NA,NA,NA,NA,NA
628,LG8021,3,NA,50,NA,NA,NA,NA,NA,NA,NA,NA,NA
629,LG8021,4,NA,25,NA,NA,NA,NA,NA,NA,NA,NA,NA
630,LG8022,1,150,NA,NA,NA,NA,NA,NA,NA,NA,NA,NA
631,LG8022,2,150,NA,150,NA,NA,NA,NA,NA,NA,NA,NA
632,LG8022,3,NA,50,NA,150,NA,NA,NA,NA,NA,NA,NA
633,LG8023,1,75,25,NA,NA,NA,NA,NA,NA,NA,NA,NA
634,LG8023,2,75,25,NA,NA,NA,NA,NA,NA,NA,NA,NA
635,LG8023,3,NA,50,50,NA,NA,NA,NA,NA,NA,NA,NA
636,LG8023,4,NA,50,NA,NA,NA,NA,NA,NA,NA,NA,NA
637,LG8024,1,100,50,NA,NA,NA,NA,NA,NA,NA,NA,NA
638,LG8024,2,100,50,NA,NA,NA,NA,NA,NA,NA,NA,NA
639,LG8024,3,50,50,50,NA,NA,NA,NA,NA,NA,NA,NA
640,LG8024,4,NA,NA,50,NA,50,NA,NA,NA,NA,NA,NA
641,LG8025,1,150,200,150,NA,NA,NA,NA,NA,NA,NA,NA
642,LG8026,1,8,250,250,NA,NA,NA,NA,NA,NA,NA,NA
643,LG8026,2,8,NA,250,NA,NA,NA,NA,NA,NA,NA,NA
644,LG8026,3,NA,NA,NA,NA,150,NA,NA,NA,NA,NA,NA
645,LG8027,1,150,100,NA,NA,NA,NA,NA,NA,NA,NA,NA
646,LG8027,2,150,100,NA,NA,NA,NA,NA,NA,NA,NA,NA
647,LG8028,1,150,NA,NA,NA,NA,NA,NA,NA,NA,NA,NA
648,LG8028,2,50,50,50,NA,NA,NA,NA,NA,NA,NA,NA
649,LG8029,2,150,NA,NA,NA,NA,NA,100,NA,NA,NA,NA
650,LG8029,3,NA,174,NA,NA,NA,NA,100,NA,NA,NA,NA
651,LG8029,4,NA,150,NA,NA,NA,NA,100,NA,NA,NA,NA
652,LG8030,1,200,NA,NA,NA,NA,NA,150,NA,NA,NA,NA
653,LG8030,2,200,NA,NA,NA,NA,NA,150,NA,NA,NA,NA
654,LG8031,1,50,NA,50,NA,NA,NA,50,NA,NA,NA,NA
655,LG8031,2,50,NA,50,NA,NA,NA,100,NA,NA,NA,NA
656,LG8031,3,50,NA,50,NA,NA,NA,100,NA,NA,NA,NA
657,LG8031,4,50,NA,50,NA,NA,NA,100,NA,NA,NA,NA
658,LG8032,1,150,150,NA,NA,NA,NA,NA,NA,NA,NA,NA
659,LG8032,2,150,150,NA,NA,NA,NA,NA,NA,NA,NA,NA
660,LG8032,3,300,150,NA,NA,NA,NA,NA,NA,NA,NA,NA
661,LG8032,4,NA,150,NA,NA,150,NA,NA,NA,NA,NA,NA
662,LG8033,2,100,NA,100,NA,NA,NA,100,NA,NA,NA,NA
663,LG8033,3,100,NA,100,NA,NA,NA,100,NA,NA,NA,NA
664,LG8034,1,100,50,NA,NA,NA,NA,NA,NA,NA,NA,NA
665,LG8034,2,150,NA,NA,NA,NA,NA,NA,NA,NA,NA,NA
666,LG8035,1,150,NA,NA,NA,NA,NA,150,NA,NA,NA,NA
667,LG8035,2,150,NA,NA,NA,NA,NA,150,NA,NA,NA,NA
668,LG8036,1,100,NA,50,NA,NA,NA,50,NA,NA,NA,NA
669,LG8036,2,100,NA,50,NA,NA,NA,50,NA,NA,NA,NA
670,LG8036,3,NA,NA,NA,150,NA,NA,NA,NA,NA,NA,NA
671,LG8036,4,NA,NA,NA,NA,NA,100,NA,NA,NA,NA,NA
672,LG8037,1,100,50,100,NA,NA,NA,NA,NA,NA,NA,NA
673,LG8037,2,125,50,50,NA,NA,NA,NA,NA,NA,NA,NA
674,LG8037,3,NA,50,NA,NA,NA,NA,NA,NA,NA,NA,NA
675,LG8037,4,NA,50,NA,NA,50,NA,NA,NA,NA,NA,NA
676,LG8038,1,200,NA,NA,NA,NA,NA,NA,NA,NA,NA,NA
677,LG8038,3,NA,150,NA,NA,NA,NA,NA,NA,NA,NA,NA
678,LG8039,1,25,25,NA,NA,NA,NA,NA,NA,NA,NA,NA
679,LG8039,2,625,NA,625,NA,NA,NA,NA,NA,NA,NA,NA
680,LG8039,3,NA,25,NA,NA,NA,NA,NA,NA,NA,NA,NA
681,LG8040,1,150,NA,NA,NA,NA,NA,NA,NA,NA,NA,NA
682,LG8040,2,150,NA,NA,NA,NA,NA,NA,NA,NA,NA,NA
683,LG8040,3,150,NA,NA,NA,NA,NA,NA,NA,NA,NA,NA
684,LG8041,1,NA,200,NA,NA,50,NA,NA,NA,150,NA,NA
685,LG8041,2,NA,150,NA,NA,50,NA,NA,NA,150,NA,NA
686,LG8041,3,NA,NA,NA,150,NA,NA,NA,NA,NA,NA,NA
687,LG8041,4,NA,NA,NA,150,NA,NA,NA,NA,NA,NA,NA
688,LG8042,1,200,NA,NA,NA,NA,NA,NA,NA,NA,NA,NA
689,LG8042,2,200,NA,NA,NA,NA,NA,NA,NA,NA,NA,NA
690,LG8042,3,NA,100,NA,NA,100,NA,NA,NA,NA,NA,NA
691,LG8042,4,NA,NA,NA,NA,NA,150,NA,NA,NA,NA,NA
692,LG8043,1,NA,50,50,NA,50,NA,NA,NA,NA,NA,50
693,LG8043,2,NA,50,50,NA,50,NA,NA,NA,NA,NA,NA
694,LG8043,3,150,NA,NA,NA,NA,NA,NA,NA,NA,NA,NA
695,LG8043,4,NA,50,NA,NA,NA,50,NA,NA,NA,NA,NA
696,LG8044,1,400,NA,NA,NA,NA,NA,NA,NA,NA,NA,NA
697,LG8044,2,NA,NA,100,NA,NA,NA,100,NA,NA,NA,NA
698,LG8044,3,200,100,NA,NA,NA,NA,NA,NA,NA,NA,NA
699,LG8045,1,100,NA,50,NA,NA,NA,NA,NA,NA,NA,NA
700,LG8045,2,150,NA,NA,NA,NA,NA,NA,NA,NA,NA,NA
701,LG8045,3,100,NA,NA,NA,NA,NA,50,NA,NA,NA,NA
702,LG8045,4,50,NA,NA,NA,NA,NA,50,NA,NA,NA,NA
703,LG8045,5,50,NA,NA,NA,NA,NA,50,NA,NA,NA,NA
704,LG8046,1,50,25,NA,NA,NA,NA,NA,NA,NA,NA,NA
705,LG8046,2,100,NA,NA,NA,NA,NA,NA,NA,NA,NA,NA
706,LG8046,3,100,NA,NA,NA,NA,NA,NA,NA,NA,NA,NA
707,LG8046,4,100,NA,NA,NA,NA,NA,NA,NA,NA,NA,NA
708,LG8047,1,NA,NA,50,NA,NA,NA,100,NA,NA,NA,50
709,LG8047,2,NA,NA,50,50,NA,NA,100,NA,NA,NA,NA
710,LG8047,3,NA,NA,NA,50,NA,NA,50,NA,NA,NA,NA
711,LG8048,1,150,NA,NA,NA,NA,NA,50,NA,NA,NA,NA
712,LG8048,4,NA,NA,NA,NA,NA,NA,50,NA,NA,NA,NA
713,LG8049,1,125,75,NA,NA,NA,NA,NA,NA,50,NA,NA
714,LG8049,2,125,75,NA,NA,NA,NA,NA,NA,NA,NA,NA
715,LG8049,3,NA,75,NA,NA,50,NA,50,NA,NA,NA,NA
716,LG8049,4,NA,NA,NA,NA,NA,175,NA,NA,NA,NA,NA
717,LG8050,1,50,50,NA,NA,NA,NA,NA,NA,NA,NA,NA
718,LG8050,2,50,NA,NA,NA,NA,NA,NA,NA,NA,NA,NA
719,LG8050,3,NA,50,50,NA,NA,NA,NA,NA,NA,NA,NA
720,LG8050,4,NA,50,50,NA,NA,NA,NA,NA,NA,NA,NA
721,LG8051,1,NA,NA,NA,NA,NA,NA,25,NA,NA,NA,NA
722,LG8051,2,NA,NA,50,NA,NA,NA,75,NA,NA,NA,NA
723,LG8051,3,NA,NA,NA,NA,NA,NA,36.5,NA,NA,NA,NA
724,LG8051,4,NA,NA,NA,NA,NA,75,NA,50,NA,NA,NA
725,LG8052,1,150,NA,100,NA,NA,NA,NA,NA,NA,NA,NA
726,LG8052,4,NA,150,NA,NA,NA,NA,NA,NA,NA,NA,NA
727,LG8053,1,200,NA,200,NA,NA,NA,NA,NA,NA,NA,NA
728,LG8053,2,200,NA,200,NA,NA,NA,NA,NA,NA,NA,NA
729,LG8053,3,NA,NA,NA,100,NA,NA,100,NA,NA,NA,NA
730,LG8053,4,NA,NA,NA,NA,NA,NA,100,NA,NA,NA,NA
731,LG8054,1,150,NA,NA,NA,NA,NA,NA,NA,NA,NA,NA
732,LG8054,2,NA,150,NA,NA,NA,NA,NA,NA,NA,NA,NA
733,LG8054,3,NA,150,NA,NA,NA,NA,NA,NA,NA,NA,NA
734,LG8055,1,200,NA,NA,NA,NA,NA,NA,NA,NA,NA,NA
735,LG8055,2,NA,50,50,NA,100,NA,NA,NA,NA,NA,NA
736,LG8055,3,NA,50,NA,NA,50,NA,50,NA,NA,NA,NA
737,LG8055,4,NA,50,NA,NA,NA,NA,100,NA,NA,NA,NA
738,LG8056,1,150,NA,NA,NA,NA,NA,NA,NA,NA,NA,NA
739,LG8056,3,NA,NA,NA,NA,NA,NA,50,NA,NA,NA,NA
740,LG8057,1,200,NA,NA,NA,NA,NA,NA,NA,NA,NA,NA
741,LG8057,2,200,NA,NA,NA,NA,NA,NA,NA,NA,NA,NA
742,LG8059,1,200,NA,NA,NA,NA,NA,NA,NA,NA,NA,NA
743,LG8059,2,100,NA,100,NA,NA,NA,NA,NA,NA,NA,NA
744,LG8060,1,NA,NA,NA,NA,NA,NA,125,NA,NA,NA,NA
745,LG8060,2,NA,NA,50,NA,NA,NA,100,NA,NA,NA,NA
746,LG8060,3,NA,NA,NA,NA,NA,NA,75,NA,NA,NA,NA
747,LG8060,4,NA,NA,NA,NA,NA,NA,50,NA,NA,NA,NA
748,LG8061,1,NA,25,NA,NA,NA,NA,NA,NA,25,NA,NA
749,LG8061,2,NA,25,NA,NA,NA,NA,NA,NA,25,NA,NA
750,LG8061,3,93.75,NA,NA,NA,NA,NA,NA,NA,NA,NA,NA
751,MR9001,1,NA,186,NA,NA,NA,NA,NA,NA,NA,NA,NA
752,MR9001,2,NA,NA,186,NA,NA,NA,NA,NA,NA,NA,NA
753,MR9002,1,300,NA,300,NA,NA,NA,NA,NA,NA,NA,NA
754,MR9002,2,300,NA,300,NA,NA,NA,NA,NA,NA,NA,NA
755,MR9003,1,NA,310,NA,NA,NA,NA,NA,NA,NA,NA,NA
756,MR9003,2,300,NA,NA,NA,NA,NA,NA,NA,NA,NA,NA
757,MR9003,3,372,NA,NA,NA,NA,NA,NA,NA,NA,NA,NA
758,MR9003,4,NA,100,NA,NA,NA,NA,NA,NA,NA,NA,NA
759,MR9004,1,75,NA,NA,NA,NA,NA,NA,NA,NA,NA,NA
760,MR9004,2,50,25,50,NA,NA,NA,NA,NA,NA,NA,NA
761,MR9004,3,50,25,50,NA,NA,NA,NA,NA,NA,NA,NA
762,MR9004,4,NA,NA,NA,NA,NA,NA,75,75,NA,NA,NA
763,MR9005,1,50,50,NA,NA,NA,NA,NA,NA,NA,100,NA
764,MR9005,2,50,NA,100,NA,NA,NA,NA,NA,NA,NA,NA
765,MR9005,3,50,50,NA,NA,NA,NA,NA,NA,NA,NA,NA
766,MR9006,1,175,NA,NA,NA,NA,NA,NA,NA,NA,NA,NA
767,MR9006,2,NA,NA,25,NA,NA,NA,NA,50,NA,NA,NA
768,MR9006,3,NA,NA,50,NA,NA,NA,100,50,NA,NA,NA
769,MR9006,4,NA,NA,NA,NA,NA,NA,100,NA,NA,NA,NA
770,MR9007,1,550,NA,NA,NA,NA,NA,NA,NA,NA,NA,NA
771,MR9007,2,600,NA,NA,NA,NA,NA,NA,NA,NA,NA,NA
772,MR9007,3,600,NA,NA,NA,NA,NA,NA,NA,NA,NA,NA
773,MR9008,1,250,NA,NA,NA,NA,NA,NA,NA,NA,NA,NA
774,MR9008,2,250,NA,NA,NA,NA,NA,50,NA,NA,NA,NA
775,MR9008,4,NA,NA,NA,NA,NA,250,NA,NA,NA,NA,NA
776,MR9010,1,250,NA,NA,NA,NA,NA,NA,NA,NA,NA,NA
777,MR9010,2,250,NA,NA,NA,NA,NA,100,NA,NA,NA,NA
778,MR9011,1,50,50,NA,NA,NA,NA,NA,NA,NA,NA,NA
779,MR9011,2,50,50,NA,NA,NA,NA,NA,NA,NA,NA,NA
780,MR9011,3,50,50,NA,50,NA,NA,NA,NA,NA,NA,NA
781,MR9011,4,50,NA,NA,50,NA,NA,NA,NA,50,NA,NA
782,MR9012,1,50,NA,25,NA,NA,NA,NA,NA,NA,NA,NA
783,MR9012,2,50,NA,25,NA,12.5,NA,NA,NA,NA,NA,NA
784,MR9012,3,NA,NA,NA,50,NA,NA,NA,NA,NA,NA,NA
785,MR9012,4,NA,25,25,NA,NA,NA,NA,NA,NA,NA,NA
786,MR9013,1,50,NA,NA,NA,NA,50,NA,NA,NA,NA,NA
787,MR9013,2,NA,50,50,NA,50,NA,NA,NA,NA,NA,NA
788,MR9013,3,NA,NA,50,NA,NA,NA,75,NA,NA,NA,NA
789,MR9015,1,150,50,NA,NA,NA,NA,NA,NA,NA,NA,NA
790,MR9015,2,NA,50,NA,NA,NA,NA,NA,NA,NA,NA,NA
791,MR9015,3,NA,NA,NA,NA,NA,NA,125,NA,NA,NA,NA
792,MR9016,1,300,NA,NA,NA,NA,NA,NA,NA,NA,NA,NA
793,MR9016,2,200,NA,100,NA,NA,NA,NA,NA,NA,NA,NA
794,MR9016,3,NA,NA,NA,250,NA,NA,NA,NA,NA,NA,NA
795,MR9016,4,NA,NA,NA,NA,NA,NA,250,NA,NA,NA,NA
796,MR9017,1,150,NA,NA,NA,NA,NA,NA,NA,NA,NA,NA
797,MR9017,2,150,NA,50,NA,NA,NA,NA,NA,NA,NA,NA
798,MR9017,3,NA,NA,NA,NA,NA,NA,200,NA,NA,NA,NA
799,MR9017,4,NA,NA,NA,NA,NA,NA,100,NA,NA,NA,NA
800,MR9018,1,300,NA,NA,NA,NA,NA,NA,NA,NA,NA,NA
801,MR9018,2,100,50,50,NA,NA,NA,NA,NA,NA,NA,NA
802,MR9018,3,NA,50,50,NA,50,NA,NA,NA,NA,NA,NA
803,MR9018,4,NA,NA,NA,50,NA,NA,NA,NA,NA,NA,NA
804,MR9019,1,100,100,100,NA,50,NA,NA,NA,NA,NA,NA
805,MR9019,2,NA,100,50,NA,50,NA,NA,NA,NA,NA,NA
806,MR9019,3,100,100,50,NA,50,NA,NA,NA,NA,NA,NA
807,MR9019,4,50,NA,NA,NA,NA,NA,50,NA,NA,NA,NA
808,MR9020,1,200,NA,NA,NA,NA,NA,150,NA,NA,NA,NA
809,MR9020,2,200,NA,50,NA,NA,NA,100,NA,NA,NA,NA
810,MR9021,1,100,NA,NA,NA,NA,NA,NA,NA,NA,NA,NA
811,MR9021,3,NA,NA,NA,NA,NA,NA,50,NA,NA,NA,NA
812,MR9021,4,NA,NA,NA,NA,NA,NA,100,NA,NA,NA,NA
813,MR9022,1,200,NA,NA,NA,NA,NA,NA,NA,NA,NA,NA
814,MR9023,1,NA,NA,50,NA,NA,NA,NA,NA,NA,NA,NA
815,MR9023,3,NA,NA,NA,NA,NA,NA,50,NA,NA,NA,NA
816,MR9023,4,NA,NA,NA,NA,NA,100,50,NA,NA,NA,NA
817,MR9024,1,150,NA,50,NA,NA,NA,NA,NA,NA,NA,NA
818,MR9024,2,150,50,NA,NA,NA,NA,NA,NA,NA,NA,NA
819,MR9024,4,NA,NA,NA,NA,NA,NA,400,NA,NA,NA,NA
820,MR9025,1,200,NA,50,NA,NA,NA,50,NA,NA,NA,NA
821,MR9025,2,200,NA,NA,NA,NA,NA,50,NA,NA,NA,NA
822,MR9025,3,NA,NA,NA,50,NA,NA,NA,NA,NA,NA,NA
823,MR9025,4,NA,NA,NA,NA,NA,NA,100,NA,NA,NA,NA
824,MR9026,1,150,NA,NA,NA,NA,NA,NA,NA,NA,NA,NA
825,MR9026,2,150,NA,NA,NA,NA,NA,NA,NA,NA,NA,NA
826,MR9026,3,150,NA,NA,NA,NA,NA,NA,NA,NA,NA,NA
827,MR9027,1,100,50,100,NA,NA,NA,NA,NA,NA,NA,NA
828,MR9027,2,100,50,100,NA,NA,NA,NA,NA,NA,NA,NA
829,MR9027,3,NA,NA,NA,NA,100,NA,100,NA,NA,NA,NA
830,MR9028,1,100,100,NA,NA,NA,NA,NA,NA,NA,NA,NA
831,MR9028,2,NA,100,NA,100,NA,NA,NA,NA,NA,NA,NA
832,MR9028,3,NA,NA,300,NA,NA,NA,NA,NA,NA,NA,NA
833,MR9029,1,150,NA,NA,NA,NA,NA,NA,NA,NA,NA,NA
834,MR9029,2,175,25,NA,NA,NA,NA,NA,NA,NA,NA,NA
835,MR9029,3,NA,NA,NA,150,NA,NA,NA,NA,NA,NA,NA
836,MR9030,1,175,NA,NA,NA,NA,NA,NA,NA,NA,NA,NA
837,MR9030,2,NA,NA,NA,175,NA,NA,NA,NA,NA,NA,NA
838,MR9030,3,NA,NA,NA,NA,NA,NA,175,NA,NA,NA,NA
839,MR9031,1,150,NA,NA,NA,NA,NA,NA,NA,NA,NA,NA
840,MR9031,2,100,NA,NA,75,NA,NA,NA,NA,NA,NA,NA
841,MR9031,3,100,NA,NA,75,NA,NA,NA,NA,NA,NA,NA
842,MR9031,4,100,NA,NA,50,NA,NA,NA,NA,NA,NA,NA
843,MR9032,2,NA,150,NA,NA,50,NA,NA,NA,NA,NA,NA
844,MR9032,3,150,NA,NA,NA,50,NA,NA,NA,NA,NA,NA
845,MR9033,1,100,NA,NA,NA,NA,NA,50,NA,NA,NA,NA
846,MR9033,2,50,NA,50,NA,NA,NA,50,NA,NA,NA,NA
847,MR9033,3,50,NA,NA,50,NA,NA,50,NA,NA,NA,NA
848,MR9034,1,150,NA,NA,NA,NA,NA,50,NA,NA,NA,NA
849,MR9034,2,150,NA,NA,NA,NA,NA,50,NA,NA,NA,NA
850,MR9034,3,150,NA,NA,50,NA,NA,NA,NA,NA,NA,NA
851,MR9034,4,150,NA,NA,NA,NA,NA,NA,NA,NA,NA,NA
852,MR9035,1,150,100,NA,NA,NA,NA,NA,NA,NA,NA,NA
853,MR9035,2,150,50,NA,NA,NA,NA,NA,NA,NA,NA,NA
854,MR9035,3,200,NA,100,NA,NA,NA,NA,NA,NA,NA,NA
855,MR9035,4,100,NA,NA,NA,NA,NA,NA,NA,NA,NA,NA
856,MR9036,1,150,50,NA,NA,NA,NA,NA,NA,NA,NA,NA
857,MR9036,2,NA,50,NA,NA,NA,NA,NA,NA,NA,NA,NA
858,MR9037,1,150,NA,NA,NA,NA,NA,NA,NA,NA,NA,NA
859,MR9037,2,150,NA,NA,NA,NA,NA,NA,NA,NA,NA,NA
860,MR9037,3,150,50,NA,NA,NA,NA,NA,NA,NA,NA,NA
861,MR9037,4,NA,75,NA,NA,NA,NA,NA,NA,NA,NA,NA
862,MR9038,1,NA,50,NA,NA,NA,NA,NA,NA,NA,NA,NA
863,MR9038,2,NA,50,NA,NA,NA,NA,NA,NA,NA,NA,NA
864,MR9038,3,NA,50,NA,NA,NA,NA,NA,NA,NA,NA,NA
865,MR9038,4,NA,50,NA,NA,NA,NA,NA,NA,NA,NA,NA
866,MR9039,1,NA,NA,NA,NA,NA,NA,50,NA,NA,NA,NA
867,MR9039,2,NA,NA,NA,NA,NA,NA,50,NA,NA,NA,NA
868,MR9039,3,NA,NA,NA,NA,NA,NA,75,NA,NA,NA,NA
869,MR9039,4,NA,NA,NA,NA,NA,NA,75,NA,NA,NA,NA
870,MR9040,1,150,NA,NA,NA,NA,NA,50,NA,NA,NA,NA
871,MR9040,2,50,NA,50,NA,NA,NA,50,NA,NA,NA,NA
872,MR9040,3,50,NA,50,NA,NA,NA,NA,NA,NA,NA,NA
873,MR9040,4,150,NA,NA,NA,NA,NA,NA,NA,NA,NA,NA
874,MR9041,1,NA,NA,NA,NA,NA,NA,100,NA,NA,NA,NA
875,MR9041,2,NA,NA,NA,NA,NA,NA,100,NA,NA,NA,NA
876,MR9041,3,NA,NA,NA,NA,NA,NA,150,NA,NA,NA,NA
877,MR9041,4,NA,NA,NA,NA,NA,NA,50,NA,NA,NA,NA
878,MR9042,1,150,NA,NA,NA,NA,NA,NA,NA,NA,NA,NA
879,MR9042,2,150,NA,NA,NA,NA,NA,NA,NA,NA,NA,NA
880,MR9042,3,100,NA,NA,NA,NA,NA,NA,NA,NA,NA,NA
881,MR9043,1,200,NA,NA,NA,NA,NA,NA,NA,NA,NA,NA
882,MR9044,1,200,NA,NA,NA,NA,NA,NA,NA,NA,NA,NA
883,MR9044,2,150,NA,NA,NA,NA,NA,NA,NA,NA,NA,NA
884,MR9044,3,NA,NA,NA,NA,100,NA,NA,NA,NA,NA,NA
885,MR9045,1,150,50,NA,NA,NA,NA,NA,NA,NA,NA,NA
886,MR9045,2,NA,NA,50,NA,NA,NA,NA,NA,NA,NA,NA
887,MR9045,3,NA,NA,NA,NA,NA,NA,50,NA,NA,NA,NA
888,MR9046,1,150,NA,NA,NA,NA,NA,NA,NA,NA,NA,NA
889,MR9046,2,100,NA,NA,NA,NA,NA,NA,NA,NA,NA,NA
890,MR9046,3,NA,NA,NA,NA,NA,NA,100,NA,NA,NA,NA
891,MR9046,4,NA,50,NA,NA,NA,NA,NA,NA,NA,NA,NA
892,MR9046,5,NA,NA,50,NA,NA,NA,NA,NA,NA,NA,NA
893,MR9047,1,250,50,NA,NA,NA,NA,NA,NA,NA,NA,NA
894,MR9047,2,250,50,NA,NA,NA,NA,NA,NA,NA,NA,NA
895,MR9047,3,NA,50,NA,NA,NA,NA,150,NA,NA,NA,NA
896,MR9047,4,NA,NA,NA,150,NA,NA,NA,NA,NA,NA,NA
897,MR9048,1,150,NA,NA,NA,NA,NA,NA,NA,NA,NA,NA
898,MR9048,2,NA,50,50,NA,50,NA,NA,NA,NA,NA,NA
899,MR9048,3,NA,50,NA,NA,NA,NA,NA,NA,NA,NA,NA
900,MR9048,4,NA,NA,NA,NA,NA,100,NA,NA,NA,NA,NA
901,NR10002,1,250,NA,200,NA,NA,NA,250,NA,NA,NA,NA
902,NR10002,2,250,NA,200,NA,NA,NA,250,NA,NA,NA,NA
903,NR10002,4,NA,NA,NA,NA,200,NA,250,NA,NA,NA,NA
904,NR10003,2,41.5,NA,41.5,NA,NA,NA,41.5,NA,NA,NA,NA
905,NR10003,3,NA,NA,NA,NA,41.5,NA,41.5,NA,NA,NA,NA
906,NR10004,3,NA,NA,NA,NA,NA,120,NA,NA,NA,NA,NA
907,NR10004,4,0,0,NA,0,NA,NA,NA,NA,NA,NA,NA
908,NR10004,5,150,150,150,NA,NA,NA,NA,NA,NA,NA,NA
909,NR10005,1,250,NA,NA,NA,NA,NA,NA,NA,NA,NA,NA
910,NR10005,2,250,NA,500,NA,NA,NA,NA,NA,NA,NA,NA
911,NR10005,3,250,NA,250,NA,NA,NA,NA,NA,NA,NA,NA
912,NR10005,4,NA,500,NA,NA,NA,500,NA,NA,NA,NA,NA
913,NR10006,1,200,NA,NA,NA,NA,NA,NA,NA,NA,NA,NA
914,NR10006,2,NA,NA,75,NA,NA,NA,150,NA,NA,NA,NA
915,NR10006,3,NA,NA,NA,200,NA,NA,NA,NA,NA,NA,NA
916,NR10006,4,NA,200,NA,NA,NA,NA,NA,NA,NA,NA,NA
917,NR10007,2,NA,124,NA,124,NA,NA,NA,NA,NA,NA,NA
918,NR10007,3,NA,124,NA,NA,NA,NA,NA,NA,NA,NA,NA
919,NR10007,4,NA,NA,NA,NA,NA,186,NA,NA,NA,NA,NA
920,NR10008,1,180,NA,60,NA,NA,NA,NA,NA,NA,NA,NA
921,NR10008,2,180,NA,60,NA,NA,NA,NA,NA,NA,NA,NA
922,NR10008,3,NA,NA,NA,180,NA,NA,NA,NA,NA,NA,NA
923,NR10008,4,NA,NA,NA,NA,NA,180,NA,NA,NA,NA,NA
924,NR10009,1,120,NA,NA,NA,NA,NA,NA,NA,NA,NA,NA
925,NR10009,2,120,NA,NA,NA,NA,NA,NA,NA,NA,NA,NA
926,NR10009,3,120,NA,NA,NA,NA,NA,NA,NA,NA,NA,NA
927,NR10009,4,NA,NA,NA,NA,NA,120,NA,NA,NA,NA,NA
928,NR10010,1,40,NA,NA,NA,NA,NA,NA,NA,NA,NA,NA
929,NR10010,2,40,NA,NA,NA,NA,NA,NA,NA,NA,NA,NA
930,NR10010,3,NA,NA,20,20,NA,NA,NA,NA,NA,NA,NA
931,NR10010,4,NA,NA,20,20,NA,NA,NA,NA,NA,NA,NA
932,NR10011,1,160,NA,NA,NA,NA,NA,NA,NA,NA,NA,NA
933,NR10011,2,150,NA,NA,NA,NA,NA,NA,NA,NA,NA,NA
934,NR10011,3,200,NA,NA,NA,NA,NA,NA,NA,NA,NA,NA
935,NR10012,1,40,NA,NA,NA,NA,NA,NA,NA,NA,NA,NA
936,NR10012,2,NA,NA,40,NA,NA,NA,NA,NA,NA,NA,NA
937,NR10012,3,NA,NA,NA,40,NA,NA,NA,NA,NA,NA,NA
938,NR10013,1,85,50,NA,NA,NA,NA,NA,NA,NA,NA,NA
939,NR10013,2,85,50,NA,NA,NA,NA,NA,NA,NA,NA,NA
940,NR10013,3,NA,100,NA,75,NA,NA,NA,NA,NA,NA,NA
941,NR10013,4,NA,100,NA,NA,NA,NA,NA,NA,NA,NA,NA
942,NR10014,1,NA,NA,150,NA,NA,NA,NA,NA,NA,NA,NA
943,NR10014,2,NA,150,NA,NA,NA,NA,NA,NA,NA,NA,NA
944,NR10015,1,75,NA,NA,NA,NA,NA,NA,NA,NA,NA,NA
945,NR10015,2,50,50,NA,NA,NA,NA,NA,NA,NA,NA,NA
946,NR10015,3,50,NA,50,NA,NA,NA,NA,NA,NA,NA,NA
947,NR10015,4,50,NA,50,NA,NA,NA,NA,NA,NA,NA,NA
948,NR10016,1,100,50,NA,NA,NA,NA,NA,NA,NA,NA,NA
949,NR10016,2,NA,NA,50,50,50,NA,NA,NA,NA,NA,NA
950,NR10016,3,NA,NA,NA,NA,NA,NA,50,NA,NA,NA,NA
951,NR10016,4,NA,NA,NA,NA,NA,100,NA,NA,NA,NA,NA
952,NR10017,1,100,100,100,NA,NA,NA,NA,NA,NA,NA,NA
953,NR10017,2,NA,NA,NA,100,NA,50,NA,NA,NA,NA,NA
954,NR10017,3,100,NA,NA,100,NA,NA,NA,NA,NA,NA,NA
955,NR10018,1,NA,NA,NA,NA,NA,50,NA,NA,NA,NA,NA
956,NR10018,2,50,50,NA,50,NA,NA,NA,NA,NA,NA,NA
957,NR10018,3,NA,50,NA,NA,NA,NA,NA,NA,NA,NA,NA
958,NR10018,4,NA,100,NA,NA,NA,NA,NA,NA,NA,NA,NA
959,NR10019,1,50,50,50,NA,NA,NA,NA,NA,NA,NA,NA
960,NR10019,2,50,50,50,NA,NA,NA,NA,NA,NA,NA,NA
961,NR10019,3,50,50,50,NA,NA,NA,NA,NA,NA,NA,NA
962,NR10020,1,50,50,50,NA,NA,NA,NA,NA,NA,NA,NA
963,NR10020,2,50,50,NA,NA,NA,NA,NA,NA,NA,NA,NA
964,NR10020,3,NA,50,NA,50,50,NA,NA,NA,NA,NA,NA
965,NR10020,4,NA,100,NA,NA,NA,NA,NA,NA,NA,NA,NA
966,NR10021,1,50,NA,75,NA,NA,NA,NA,NA,NA,NA,NA
967,NR10021,2,75,NA,75,NA,NA,NA,NA,NA,NA,NA,NA
968,NR10021,3,75,NA,NA,NA,NA,75,NA,NA,NA,NA,NA
969,NR10021,4,NA,NA,NA,NA,NA,50,NA,NA,NA,NA,NA
970,NR10022,1,100,NA,NA,NA,NA,NA,50,NA,NA,NA,NA
971,NR10022,2,100,NA,50,NA,NA,NA,NA,NA,NA,NA,NA
972,NR10023,1,NA,NA,50,NA,NA,NA,NA,NA,NA,NA,NA
973,NR10024,1,325,NA,NA,NA,NA,NA,NA,NA,NA,NA,NA
974,NR10024,2,5,NA,NA,NA,NA,NA,NA,NA,NA,NA,NA
975,NR10024,3,130,130,NA,NA,NA,NA,NA,NA,NA,NA,NA
976,NR10024,4,NA,NA,NA,260,NA,NA,NA,NA,NA,NA,NA
977,NR10025,1,100,100,100,NA,NA,NA,NA,NA,NA,NA,NA
978,NR10025,2,100,100,100,NA,NA,NA,NA,NA,NA,NA,NA
979,NR10025,3,50,50,NA,NA,NA,NA,NA,NA,NA,NA,NA
980,NR10025,4,NA,NA,NA,NA,100,NA,50,NA,NA,NA,NA
981,NR10026,2,200,NA,NA,NA,NA,NA,NA,NA,NA,NA,NA
982,NR10026,3,100,NA,NA,NA,NA,NA,NA,NA,NA,NA,NA
983,NR10026,4,NA,NA,50,NA,50,NA,NA,NA,NA,NA,NA
984,NR10027,1,150,NA,NA,NA,NA,NA,NA,NA,NA,NA,NA
985,NR10027,2,NA,NA,NA,NA,NA,NA,150,NA,NA,NA,NA
986,NR10027,3,NA,NA,NA,NA,NA,150,NA,NA,NA,NA,NA
987,NR10028,1,100,NA,NA,NA,NA,NA,NA,NA,NA,NA,NA
988,NR10028,2,100,NA,NA,NA,NA,NA,NA,NA,NA,NA,NA
989,NR10028,3,100,NA,NA,NA,NA,NA,NA,NA,NA,NA,NA
990,NR10028,4,100,NA,NA,NA,NA,NA,NA,NA,NA,NA,NA
991,NR10029,1,200,NA,NA,NA,NA,NA,NA,NA,NA,NA,NA
992,NR10029,2,NA,50,NA,100,NA,NA,NA,NA,NA,NA,NA
993,NR10029,3,NA,50,NA,100,NA,NA,NA,NA,NA,NA,NA
994,NR10029,4,NA,NA,NA,NA,NA,NA,150,NA,NA,NA,NA
995,NR10030,1,150,100,NA,NA,NA,NA,NA,NA,NA,NA,NA
996,NR10030,2,NA,100,NA,NA,NA,NA,NA,NA,NA,NA,NA
997,NR10030,4,NA,100,NA,NA,NA,NA,NA,NA,NA,NA,NA
998,NR10031,2,NA,50,25,NA,50,NA,NA,NA,NA,NA,NA
999,NR10031,3,NA,75,25,NA,NA,NA,NA,NA,NA,NA,NA
1000,NR10031,4,NA,NA,NA,NA,NA,NA,100,NA,NA,NA,NA
1001,NR10032,1,NA,50,NA,NA,50,NA,NA,NA,NA,NA,NA
1002,NR10032,2,NA,50,NA,NA,50,NA,NA,NA,NA,NA,NA
1003,NR10032,3,NA,75,NA,NA,NA,NA,NA,NA,NA,NA,NA
1004,NR10032,4,NA,NA,NA,NA,NA,50,50,NA,NA,NA,NA
1005,NR10033,1,50,50,NA,NA,NA,NA,NA,NA,NA,NA,NA
1006,NR10033,2,NA,NA,50,NA,50,NA,NA,NA,NA,NA,NA
1007,NR10033,3,NA,NA,NA,NA,50,50,NA,NA,NA,NA,50
1008,NR10033,4,50,50,50,NA,NA,NA,NA,NA,NA,NA,NA
1009,NR10034,1,150,NA,NA,NA,NA,NA,NA,NA,NA,NA,NA
1010,NR10034,2,175,NA,NA,NA,NA,NA,NA,NA,NA,NA,NA
1011,NR10035,1,NA,100,NA,NA,1,NA,NA,NA,NA,NA,NA
1012,NR10035,2,NA,NA,NA,NA,NA,NA,200,NA,NA,NA,NA
1013,NR10035,3,NA,NA,NA,NA,NA,NA,150,NA,NA,NA,NA
1014,NR10036,1,150,50,NA,NA,NA,NA,NA,NA,NA,NA,NA
1015,NR10036,2,150,25,25,NA,NA,NA,NA,NA,NA,NA,NA
1016,NR10036,3,NA,50,NA,100,NA,NA,NA,NA,NA,NA,NA
1017,NR10036,4,NA,NA,NA,NA,NA,100,NA,NA,NA,NA,NA
1018,NR10037,1,NA,NA,NA,200,NA,NA,NA,NA,NA,NA,NA
1019,NR10037,2,4,NA,NA,NA,NA,NA,NA,NA,NA,NA,NA
1020,NR10037,3,0.907184,NA,NA,100,NA,NA,NA,NA,NA,NA,NA
1021,NR10037,4,NA,NA,NA,NA,NA,400,NA,NA,NA,NA,NA
1022,NR10038,1,50,NA,NA,NA,NA,NA,NA,NA,NA,NA,NA
1023,NR10038,3,NA,NA,NA,NA,NA,50,NA,NA,NA,NA,NA
1024,RS3001,1,200,NA,NA,NA,NA,NA,NA,NA,NA,NA,NA
1025,RS3001,2,200,NA,NA,NA,NA,NA,NA,NA,NA,NA,NA
1026,RS3001,3,180,NA,NA,NA,NA,NA,NA,NA,NA,NA,NA
1027,RS3001,4,180,NA,NA,NA,NA,NA,NA,NA,NA,NA,NA
1028,RS3001,5,NA,NA,NA,NA,NA,130,NA,NA,NA,NA,NA
1029,RS3002,1,200,NA,NA,NA,NA,NA,NA,NA,NA,NA,NA
1030,RS3002,2,200,NA,NA,NA,NA,NA,NA,NA,NA,NA,NA
1031,RS3002,3,NA,NA,NA,600,NA,NA,NA,NA,NA,NA,NA
1032,RS3002,4,NA,NA,NA,600,NA,NA,NA,NA,NA,NA,NA
1033,RS3002,5,NA,NA,NA,NA,NA,600,NA,NA,NA,NA,NA
1034,RS3003,1,150,NA,NA,NA,NA,NA,NA,NA,NA,NA,NA
1035,RS3003,2,NA,NA,NA,NA,50,NA,150,NA,NA,NA,NA
1036,RS3003,3,NA,NA,NA,NA,150,NA,150,NA,NA,NA,NA
1037,RS3003,4,150,NA,NA,NA,100,NA,NA,NA,NA,NA,NA
1038,RS3003,5,150,NA,NA,NA,NA,NA,NA,NA,NA,NA,NA
1039,RS3004,1,NA,100,50,NA,75,NA,NA,NA,NA,NA,NA
1040,RS3004,2,NA,75,100,NA,100,NA,NA,NA,NA,NA,NA
1041,RS3004,3,NA,NA,0,NA,0,NA,NA,NA,NA,NA,NA
1042,RS3004,4,150,NA,NA,NA,NA,NA,NA,NA,NA,NA,NA
1043,RS3004,5,0,NA,NA,NA,NA,NA,NA,NA,NA,NA,NA
1044,RS3004,6,50,NA,NA,NA,NA,NA,NA,NA,NA,NA,NA
1045,RS3005,1,200,NA,NA,NA,NA,NA,NA,NA,NA,NA,NA
1046,RS3005,2,200,NA,NA,NA,NA,NA,NA,NA,NA,NA,NA
1047,RS3005,3,NA,NA,150,NA,NA,NA,NA,NA,NA,NA,NA
1048,RS3005,4,NA,150,NA,NA,NA,NA,NA,NA,NA,NA,NA
1049,RS3006,1,150,NA,50,NA,NA,NA,NA,NA,NA,NA,NA
1050,RS3006,2,100,NA,100,NA,NA,NA,NA,NA,NA,NA,NA
1051,RS3006,3,NA,NA,NA,150,NA,NA,NA,NA,NA,NA,NA
1052,RS3006,4,NA,NA,NA,NA,NA,150,NA,NA,NA,NA,NA
1053,RS3007,1,200,NA,NA,NA,NA,NA,NA,NA,NA,NA,NA
1054,RS3008,1,100,NA,50,NA,NA,NA,NA,NA,NA,NA,NA
1055,RS3008,4,NA,NA,50,NA,50,100,NA,NA,NA,NA,NA
1056,RS3008,5,NA,NA,NA,150,NA,NA,NA,NA,NA,NA,NA
1057,RS3009,1,200,NA,NA,NA,NA,NA,NA,NA,NA,NA,NA
1058,RS3009,2,200,NA,NA,NA,NA,NA,NA,NA,NA,NA,NA
1059,RS3009,3,NA,NA,250,NA,NA,NA,NA,NA,NA,NA,NA
1060,RS3009,4,NA,NA,NA,NA,NA,NA,175,NA,NA,NA,NA
1061,RS3009,5,NA,NA,NA,NA,NA,150,NA,NA,NA,NA,NA
1062,RS3010,1,NA,100,50,NA,100,NA,NA,NA,NA,NA,NA
1063,RS3010,2,NA,NA,75,NA,75,NA,100,NA,NA,NA,NA
1064,RS3010,3,NA,NA,200,NA,NA,50,NA,NA,NA,NA,NA
1065,RS3010,4,NA,200,NA,NA,NA,NA,NA,NA,NA,NA,NA
1066,RS3012,3,0,NA,NA,NA,NA,NA,NA,NA,NA,NA,NA
1067,RS3013,1,200,NA,NA,NA,NA,NA,NA,NA,NA,NA,NA
1068,RS3013,2,NA,100,200,200,NA,NA,NA,NA,NA,NA,NA
1069,RS3014,1,150,NA,NA,NA,NA,NA,NA,NA,NA,NA,NA
1070,RS3014,2,150,NA,NA,NA,NA,NA,NA,NA,NA,NA,NA
1071,RS3014,3,NA,NA,NA,150,NA,NA,NA,NA,NA,NA,NA
1072,RS3014,4,NA,NA,NA,NA,NA,NA,150,NA,NA,NA,NA
1073,RS3015,1,50,NA,NA,NA,NA,NA,NA,NA,NA,NA,NA
1074,RS3015,2,100,NA,NA,NA,NA,NA,NA,NA,NA,NA,NA
1075,RS3015,3,50,NA,NA,NA,NA,NA,NA,NA,NA,NA,NA
1076,RS3016,1,300,NA,NA,NA,NA,NA,NA,NA,NA,NA,NA
1077,RS3016,2,NA,NA,NA,NA,NA,150,NA,NA,NA,NA,NA
1078,RS3017,1,200,NA,NA,NA,NA,NA,NA,NA,NA,NA,NA
1079,RS3017,2,NA,NA,200,NA,NA,NA,NA,NA,NA,NA,NA
1080,RS3017,3,200,NA,NA,NA,NA,NA,NA,NA,NA,NA,NA
1081,RS3017,4,NA,NA,200,NA,NA,NA,NA,NA,NA,NA,NA
1082,RS3018,1,200,150,NA,NA,NA,NA,NA,NA,NA,NA,NA
1083,RS3018,2,NA,NA,NA,200,NA,NA,150,NA,NA,NA,NA
1084,RS3018,3,NA,NA,NA,NA,NA,150,NA,NA,NA,NA,NA
1085,RS3018,4,NA,NA,NA,NA,NA,150,NA,NA,NA,NA,NA
1086,RS3018,5,NA,150,NA,NA,NA,NA,NA,NA,NA,NA,NA
1087,RS3019,1,200,NA,NA,NA,NA,NA,NA,NA,NA,NA,NA
1088,RS3019,2,100,NA,100,NA,NA,NA,NA,NA,NA,NA,NA
1089,RS3019,3,NA,NA,NA,200,NA,NA,NA,NA,NA,NA,NA
1090,RS3019,4,NA,NA,NA,NA,NA,150,NA,NA,NA,NA,NA
1091,RS3020,1,200,NA,NA,NA,NA,NA,NA,NA,NA,NA,NA
1092,RS3020,2,200,NA,NA,NA,NA,NA,NA,NA,NA,NA,NA
1093,RS3020,3,NA,100,100,NA,NA,NA,NA,NA,NA,NA,NA
1094,RS3020,4,NA,100,NA,NA,50,NA,NA,NA,NA,NA,NA
1095,RS3021,1,150,NA,NA,NA,NA,NA,NA,NA,NA,NA,NA
1096,RS3021,2,100,NA,50,NA,NA,NA,NA,NA,NA,NA,NA
1097,RS3021,3,50,NA,NA,NA,NA,50,NA,NA,NA,NA,NA
1098,RS3021,4,NA,50,NA,NA,NA,NA,NA,NA,NA,NA,NA
1099,RS3022,1,150,NA,NA,NA,NA,NA,NA,NA,NA,NA,NA
1100,RS3022,2,150,NA,NA,NA,NA,NA,25,NA,NA,NA,NA
1101,RS3022,3,150,NA,NA,NA,NA,NA,NA,NA,NA,NA,NA
1102,RS3022,4,150,NA,NA,NA,NA,NA,25,NA,NA,NA,NA
1103,RS3023,1,NA,150,NA,NA,NA,NA,NA,NA,NA,NA,NA
1104,RS3023,2,150,NA,150,NA,NA,NA,NA,NA,NA,NA,NA
1105,RS3023,3,NA,NA,NA,150,NA,NA,NA,NA,NA,NA,NA
1106,RS3023,4,NA,NA,NA,NA,NA,NA,150,NA,NA,NA,NA
1107,RS3024,1,200,NA,NA,NA,NA,NA,NA,NA,NA,NA,NA
1108,RS3024,2,200,NA,NA,NA,NA,NA,NA,NA,NA,NA,NA
1109,RS3024,3,200,NA,150,NA,NA,NA,NA,NA,NA,NA,NA
1110,RS3024,4,200,NA,50,NA,NA,NA,NA,NA,NA,NA,NA
1111,RS3025,1,100,NA,100,NA,NA,NA,NA,NA,NA,NA,NA
1112,RS3025,2,100,NA,NA,NA,NA,NA,100,NA,NA,NA,NA
1113,RS3025,3,NA,NA,NA,NA,NA,NA,NA,100,NA,NA,NA
1114,RS3025,5,NA,NA,NA,NA,NA,NA,150,NA,NA,NA,NA
1115,RS3026,1,NA,NA,NA,NA,NA,NA,NA,NA,20,75,NA
1116,RS3026,2,NA,50,50,NA,50,NA,NA,NA,NA,NA,NA
1117,RS3026,3,NA,100,50,NA,NA,NA,NA,NA,NA,NA,NA
1118,RS3026,4,NA,NA,50,NA,50,NA,75,NA,NA,NA,NA
1119,RS3027,1,250,NA,NA,NA,NA,NA,NA,NA,NA,NA,NA
1120,RS3027,2,NA,NA,NA,NA,75,NA,100,NA,NA,NA,75
1121,RS3027,3,NA,NA,NA,NA,NA,NA,200,NA,NA,NA,NA
1122,RS3027,4,NA,NA,NA,NA,NA,NA,200,NA,NA,NA,NA
1123,RS3027,5,NA,NA,NA,NA,NA,NA,200,NA,NA,NA,NA
1124,RS3028,1,NA,100,50,NA,50,NA,NA,NA,NA,NA,NA
1125,RS3028,3,NA,50,50,NA,50,NA,NA,NA,NA,NA,NA
1126,RS3028,4,NA,50,50,NA,50,NA,NA,NA,NA,NA,NA
1127,RS3028,5,NA,150,NA,NA,NA,NA,NA,NA,NA,NA,NA
1128,RS3029,2,NA,75,25,NA,25,NA,NA,NA,NA,NA,NA
1129,RS3029,3,NA,75,50,NA,12.5,NA,NA,NA,NA,NA,NA
1130,RS3029,4,NA,62.5,NA,NA,50,NA,NA,NA,NA,NA,NA
1131,RS3029,5,NA,62.5,NA,NA,50,NA,NA,NA,NA,NA,NA
1132,RS3030,2,NA,NA,NA,NA,NA,NA,NA,2.5,NA,NA,NA
1133,RS3030,3,NA,NA,NA,NA,NA,NA,NA,5,NA,NA,NA
1134,RS3031,1,NA,150,50,NA,50,NA,NA,NA,NA,NA,NA
1135,RS3031,2,NA,NA,50,NA,50,NA,100,NA,NA,NA,NA
1136,RS3031,3,NA,75,25,NA,25,NA,NA,NA,NA,NA,NA
1137,RS3031,4,NA,75,NA,NA,25,NA,NA,NA,NA,NA,NA
1138,RS3032,1,125,NA,NA,NA,NA,NA,NA,NA,NA,NA,NA
1139,RS3032,2,NA,NA,NA,NA,50,NA,NA,NA,NA,NA,NA
1140,RS3032,4,NA,NA,NA,NA,NA,NA,NA,50,NA,NA,NA
1141,RS3032,5,NA,50,50,NA,NA,NA,NA,50,NA,NA,NA
1142,RS3033,1,200,170,NA,NA,NA,NA,NA,NA,100,NA,NA
1143,RS3033,2,NA,50,NA,NA,NA,NA,NA,NA,100,NA,NA
1144,RS3033,3,NA,50,NA,NA,NA,NA,NA,NA,100,NA,NA
1145,RS3033,4,NA,25,NA,NA,NA,NA,NA,NA,NA,NA,NA
1146,RS3034,1,100,50,50,NA,NA,NA,NA,NA,NA,NA,NA
1147,RS3034,2,100,50,50,NA,NA,NA,NA,NA,NA,NA,NA
1148,RS3034,3,100,50,50,NA,NA,NA,NA,NA,NA,NA,NA
1149,RS3034,4,NA,NA,NA,150,NA,NA,NA,NA,NA,NA,NA
1150,RS3035,1,200,NA,NA,NA,NA,NA,NA,NA,NA,NA,NA
1151,RS3035,2,NA,NA,50,NA,NA,NA,0,NA,NA,NA,NA
1152,RS3035,3,NA,NA,NA,NA,NA,NA,200,NA,NA,NA,NA
1153,RS3035,4,NA,NA,100,NA,NA,NA,NA,NA,NA,NA,NA
1154,RS3036,1,NA,100,NA,NA,NA,NA,NA,NA,NA,NA,NA
1155,RS3036,2,NA,150,50,NA,NA,NA,NA,NA,NA,NA,NA
1156,RS3036,3,0,200,NA,NA,NA,NA,NA,100,NA,NA,NA
1157,RS3036,4,NA,200,NA,NA,100,NA,NA,NA,NA,NA,NA
1158,RS3036,5,NA,200,NA,NA,NA,NA,NA,NA,NA,NA,NA
1159,RS3037,1,150,100,NA,NA,150,NA,NA,NA,NA,NA,NA
1160,RS3037,2,150,NA,NA,NA,NA,NA,NA,NA,NA,NA,NA
1161,RS3037,3,NA,100,NA,NA,50,NA,NA,NA,NA,NA,NA
1162,RS3037,4,NA,100,NA,NA,NA,NA,NA,NA,NA,NA,NA
1163,RS3037,5,NA,250,NA,NA,NA,NA,NA,NA,NA,NA,NA
1164,RS3038,1,200,100,NA,NA,NA,NA,NA,NA,NA,NA,NA
1165,RS3038,2,100,100,NA,NA,NA,NA,NA,NA,NA,NA,NA
1166,RS3038,3,NA,100,100,NA,100,NA,NA,NA,NA,NA,NA
1167,RS3038,4,NA,50,100,NA,100,NA,NA,NA,NA,NA,NA
1168,RS3038,5,NA,150,NA,NA,NA,NA,NA,NA,NA,NA,NA
1169,RS3039,1,150,50,50,NA,NA,NA,NA,NA,NA,NA,NA
1170,RS3039,2,150,NA,NA,NA,NA,NA,NA,NA,NA,NA,NA
1171,RS3040,1,200,150,200,NA,NA,NA,NA,NA,NA,NA,NA
1172,RS3040,2,NA,100,50,NA,50,NA,NA,NA,NA,NA,NA
1173,RS3040,3,NA,100,50,NA,50,NA,NA,NA,NA,NA,NA
1174,RS3040,4,NA,150,NA,NA,NA,NA,NA,NA,NA,NA,NA
1175,RS3040,5,NA,50,0,NA,50,NA,NA,NA,NA,NA,NA
1176,RS3041,1,200,NA,NA,NA,NA,NA,NA,NA,NA,NA,NA
1177,RS3041,2,50,70,NA,NA,50,NA,NA,NA,NA,NA,NA
1178,RS3041,3,NA,NA,NA,150,NA,NA,NA,NA,NA,NA,NA
1179,RS3041,4,NA,NA,NA,150,NA,NA,NA,NA,NA,NA,NA
1180,RS3041,5,NA,100,NA,NA,NA,NA,NA,NA,NA,NA,NA
1181,RS3042,1,NA,100,100,NA,NA,NA,NA,NA,NA,NA,NA
1182,RS3042,2,NA,100,NA,NA,NA,NA,NA,75,NA,NA,NA
1183,RS3042,3,NA,100,25,NA,NA,NA,NA,100,NA,NA,NA
1184,RS3042,4,NA,100,25,NA,NA,NA,NA,75,NA,NA,NA
1185,RS3042,5,NA,150,NA,NA,NA,NA,NA,NA,NA,NA,NA
1186,RS3043,1,100,75,NA,NA,75,NA,NA,NA,NA,NA,NA
1187,RS3043,2,NA,75,100,NA,100,NA,NA,NA,NA,NA,NA
1188,RS3043,3,NA,100,100,NA,75,NA,NA,NA,NA,NA,NA
1189,RS3043,4,NA,75,100,NA,100,NA,NA,NA,NA,NA,NA
1190,RS3043,5,NA,75,75,NA,75,NA,NA,NA,NA,NA,NA
1191,RS3044,1,NA,250,NA,NA,NA,NA,NA,NA,NA,NA,NA
1192,RS3044,2,NA,80,200,NA,NA,NA,NA,NA,NA,NA,NA
1193,RS3044,3,NA,100,20,NA,NA,NA,NA,NA,NA,NA,NA
1194,RS3044,4,NA,75,NA,NA,NA,NA,NA,NA,NA,NA,NA
1195,RS3044,5,NA,75,NA,NA,NA,NA,NA,NA,NA,NA,NA
1196,RS3045,1,NA,75,NA,NA,NA,NA,NA,NA,NA,NA,NA
1197,RS3045,2,75,75,NA,NA,50,NA,NA,NA,NA,NA,NA
1198,RS3045,3,NA,100,50,NA,50,NA,NA,NA,NA,NA,NA
1199,RS3045,4,NA,100,NA,NA,50,NA,NA,NA,NA,NA,NA
1200,RS3046,1,NA,100,75,NA,75,NA,NA,NA,NA,NA,250
1201,RS3046,2,NA,100,50,NA,50,NA,NA,NA,NA,NA,NA
1202,RS3046,3,NA,75,50,NA,50,NA,NA,NA,NA,NA,NA
1203,RS3046,4,NA,200,NA,NA,NA,NA,NA,NA,NA,NA,NA
1204,RS3047,1,100,50,NA,NA,NA,NA,NA,NA,NA,NA,NA
1205,RS3047,2,150,50,NA,NA,NA,NA,NA,NA,NA,NA,NA
1206,RS3047,3,NA,100,NA,NA,NA,NA,NA,NA,NA,NA,NA
1207,RS3047,4,NA,250,NA,NA,NA,NA,NA,NA,NA,NA,NA
1208,RS3048,1,200,NA,NA,NA,NA,NA,NA,NA,NA,NA,NA
1209,RS3048,2,NA,100,NA,NA,50,NA,NA,NA,NA,NA,NA
1210,RS3048,3,NA,115,NA,NA,50,NA,NA,NA,NA,NA,NA
1211,RS3048,4,NA,100,NA,NA,NA,NA,NA,NA,NA,NA,NA
1212,RS3049,1,100,100,NA,NA,NA,NA,NA,NA,NA,NA,NA
1213,RS3049,2,100,100,NA,NA,NA,NA,NA,NA,NA,NA,NA
1214,RS3049,3,NA,100,50,NA,NA,NA,NA,50,NA,NA,NA
1215,RS3049,4,NA,100,NA,NA,NA,NA,NA,NA,NA,NA,NA
1216,RS3050,1,NA,100,50,NA,50,NA,NA,NA,50,NA,NA
1217,RS3050,2,NA,100,50,NA,50,NA,NA,NA,NA,NA,NA
1218,RS3050,3,NA,100,NA,NA,100,NA,NA,NA,NA,NA,NA
1219,RS3050,4,NA,200,NA,NA,NA,NA,NA,NA,NA,NA,NA
1220,RS3050,5,0.02,NA,NA,NA,NA,NA,NA,NA,NA,NA,NA
1221,RS3050,6,0.02,NA,NA,NA,NA,NA,NA,NA,NA,NA,NA
1222,RS3051,1,200,NA,NA,NA,NA,NA,NA,NA,NA,NA,NA
1223,RS3051,2,100,NA,NA,NA,50,NA,NA,NA,NA,NA,50
1224,RS3051,3,NA,50,50,NA,50,NA,NA,NA,NA,NA,NA
1225,RS3051,4,NA,100,100,NA,NA,NA,NA,NA,NA,NA,NA
1226,RS3051,5,NA,150,NA,NA,NA,NA,NA,NA,NA,NA,NA
1227,RS3052,1,51,150,NA,NA,NA,NA,NA,NA,NA,NA,NA
1228,RS3052,2,100,50,NA,NA,50,NA,NA,NA,NA,NA,NA
1229,RS3052,3,50,50,NA,NA,50,NA,NA,NA,NA,NA,NA
1230,RS3052,4,150,NA,NA,NA,50,NA,NA,NA,NA,NA,NA
1231,RS3053,1,NA,NA,NA,NA,NA,50,NA,NA,NA,NA,NA
1232,RS3053,3,NA,NA,NA,NA,NA,50,NA,NA,NA,NA,NA
1233,RS3053,4,NA,NA,NA,NA,NA,100,NA,NA,NA,NA,NA
1234,RS3053,5,NA,NA,NA,NA,NA,50,NA,NA,NA,NA,NA
1235,RS3054,3,NA,NA,NA,200,NA,NA,NA,NA,NA,NA,NA
1236,RS3054,5,NA,50,NA,NA,NA,NA,NA,NA,NA,NA,NA
1237,RS3055,1,NA,50,NA,NA,NA,NA,NA,NA,NA,NA,NA
1238,RS3055,2,NA,100,NA,NA,NA,NA,NA,NA,NA,NA,NA
1239,RS3055,4,NA,100,50,NA,NA,NA,NA,NA,NA,NA,NA
1240,RS3055,5,NA,100,NA,NA,NA,NA,NA,NA,NA,NA,NA
1241,RS3056,1,NA,150,50,NA,NA,NA,NA,NA,NA,NA,NA
1242,RS3056,2,100,50,NA,NA,NA,NA,NA,NA,NA,NA,NA
1243,RS3056,3,100,50,NA,NA,50,NA,NA,NA,NA,NA,NA
1244,RS3056,4,NA,100,50,NA,50,NA,NA,NA,NA,NA,NA
1245,RS3056,5,100,NA,NA,NA,NA,NA,NA,NA,NA,NA,NA
1246,RS3057,1,NA,50,50,NA,50,NA,NA,NA,NA,NA,50
1247,RS3057,2,NA,100,50,NA,50,NA,NA,NA,NA,NA,50
1248,RS3057,3,NA,100,50,NA,50,NA,NA,NA,NA,NA,NA
1249,RS3057,4,NA,150,50,NA,NA,NA,NA,NA,NA,NA,NA
1250,RS3057,5,NA,100,200,NA,200,NA,NA,NA,NA,NA,NA
1251,RS3058,1,NA,100,50,NA,NA,NA,NA,NA,NA,NA,NA
1252,RS3058,2,100,NA,NA,NA,NA,NA,NA,NA,NA,NA,NA
1253,RS3058,3,NA,50,100,NA,NA,NA,NA,NA,NA,NA,NA
1254,RS3058,4,NA,100,NA,NA,NA,NA,NA,NA,NA,NA,NA
1255,RS3059,2,NA,100,100,NA,NA,NA,NA,NA,NA,NA,NA
1256,RS3059,3,NA,NA,50,NA,NA,100,NA,50,NA,NA,NA
1257,RS3059,4,NA,NA,NA,NA,NA,100,NA,50,NA,NA,NA
1258,RS3059,5,NA,NA,NA,NA,NA,100,NA,NA,NA,NA,NA
1259,RS3060,1,NA,100,NA,NA,NA,NA,NA,NA,20,NA,NA
1260,RS3060,2,NA,100,NA,NA,NA,NA,NA,NA,NA,NA,NA
1261,RS3060,3,NA,100,NA,NA,NA,NA,NA,NA,NA,NA,NA
1262,RS3060,4,NA,50,50,NA,NA,NA,NA,NA,NA,NA,NA
1263,RS3061,1,150,NA,NA,NA,NA,NA,NA,NA,NA,NA,NA
1264,RS3061,2,NA,NA,NA,150,NA,NA,NA,NA,NA,NA,NA
1265,RS3061,3,NA,NA,NA,150,NA,NA,NA,NA,NA,NA,NA
1266,RS3061,4,NA,NA,NA,150,NA,NA,NA,NA,NA,NA,NA
1267,RS3061,5,NA,NA,NA,NA,NA,NA,150,NA,NA,NA,NA
1268,RS3062,1,200,NA,NA,NA,NA,NA,NA,NA,NA,NA,NA
1269,RS3062,2,150,NA,NA,NA,NA,NA,NA,NA,NA,NA,NA
1270,RS3062,3,NA,50,100,NA,NA,NA,NA,NA,NA,NA,NA
1271,RS3062,4,NA,50,50,NA,NA,NA,NA,NA,NA,NA,NA
1272,RS3062,5,NA,50,NA,NA,NA,NA,NA,NA,NA,NA,NA
1273,RS3063,1,NA,100,NA,NA,NA,NA,NA,NA,50,NA,NA
1274,RS3063,2,NA,200,50,NA,NA,NA,NA,NA,NA,NA,NA
1275,RS3063,3,NA,150,NA,NA,75,NA,NA,NA,NA,NA,NA
1276,RS3063,4,NA,100,100,NA,NA,NA,NA,NA,NA,NA,NA
1277,RS3063,5,NA,300,NA,NA,NA,NA,NA,NA,NA,NA,NA
1278,RS3064,1,200,NA,NA,NA,NA,NA,NA,NA,NA,NA,NA
1279,RS3064,2,NA,100,50,NA,25,NA,NA,NA,25,NA,NA
1280,RS3064,3,NA,100,50,NA,50,NA,NA,NA,NA,NA,NA
1281,RS3064,4,NA,NA,NA,NA,NA,NA,150,NA,NA,NA,NA
1282,RS3064,5,NA,100,NA,NA,NA,NA,NA,NA,NA,NA,NA
1283,RS3065,1,NA,100,NA,NA,NA,NA,NA,NA,NA,NA,NA
1284,RS3065,2,NA,150,NA,NA,NA,NA,NA,NA,NA,NA,NA
1285,RS3065,3,NA,100,NA,NA,NA,NA,NA,NA,NA,NA,NA
1286,RS3065,4,NA,150,NA,NA,NA,NA,NA,NA,NA,NA,NA
1287,RS3065,5,NA,50,NA,NA,NA,NA,NA,NA,NA,NA,NA
1288,RS3066,1,50,100,NA,NA,NA,NA,NA,NA,0,NA,50
1289,RS3066,2,NA,50,50,NA,NA,NA,NA,NA,NA,NA,50
1290,RS3066,3,NA,50,50,NA,NA,NA,NA,NA,NA,NA,NA
1291,RS3066,4,NA,100,50,NA,NA,NA,NA,NA,NA,NA,NA
1292,RS3067,1,NA,NA,100,NA,50,NA,NA,NA,NA,NA,100
1293,RS3067,2,NA,100,50,NA,50,NA,NA,NA,NA,NA,NA
1294,RS3067,3,NA,100,50,NA,25,NA,NA,NA,NA,NA,NA
1295,RS3067,4,NA,100,50,NA,50,NA,NA,NA,NA,NA,NA
1296,RS3067,5,NA,50,NA,NA,50,NA,NA,NA,NA,NA,NA
1297,RS3143,1,100,50,50,NA,NA,NA,NA,NA,NA,NA,NA
1298,RS3143,2,50,100,NA,NA,50,NA,NA,NA,NA,NA,NA
1299,RS3143,3,NA,100,100,NA,NA,NA,NA,NA,NA,NA,NA
1300,RS3143,4,NA,150,NA,NA,NA,NA,NA,NA,NA,NA,NA
